"('a@POST@/spreada', 'us-west-1', 'b@POST@/spreadb')",a,b,a@POST@/spreada,b@POST@/spreadb,us-west-1,us-west-1,220,220,1.0
"('a@POST@/spreada', 'us-east-1', 'b@POST@/spreadb')",a,b,a@POST@/spreada,b@POST@/spreadb,us-east-1,us-west-1,1,221,0.004524886877828055
"('a@POST@/spreada', 'us-east-1', 'b@POST@/spreadb')",a,b,a@POST@/spreada,b@POST@/spreadb,us-east-1,us-east-1,220,221,0.995475113122172
"('a@POST@/spreada', 'us-west-1', 'b@POST@/spreadb')",a,b,a@POST@/spreada,b@POST@/spreadb,us-west-1,us-west-1,220,220,1.0
"('a@POST@/spreada', 'us-east-1', 'b@POST@/spreadb')",a,b,a@POST@/spreada,b@POST@/spreadb,us-east-1,us-west-1,1,208,0.004807692307692308
"('a@POST@/spreada', 'us-east-1', 'b@POST@/spreadb')",a,b,a@POST@/spreada,b@POST@/spreadb,us-east-1,us-east-1,207,208,0.9951923076923077
"('a@POST@/spreada', 'us-west-1', 'b@POST@/spreadb')",a,b,a@POST@/spreada,b@POST@/spreadb,us-west-1,us-west-1,207,207,1.0
"('a@POST@/spreada', 'us-east-1', 'b@POST@/spreadb')",a,b,a@POST@/spreada,b@POST@/spreadb,us-east-1,us-west-1,1,189,0.005291005291005291
"('a@POST@/spreada', 'us-east-1', 'b@POST@/spreadb')",a,b,a@POST@/spreada,b@POST@/spreadb,us-east-1,us-east-1,188,189,0.9947089947089947
"('a@POST@/spreada', 'us-west-1', 'b@POST@/spreadb')",a,b,a@POST@/spreada,b@POST@/spreadb,us-west-1,us-west-1,188,188,1.0
"('a@POST@/spreada', 'us-east-1', 'b@POST@/spreadb')",a,b,a@POST@/spreada,b@POST@/spreadb,us-east-1,us-east-1,177,177,1.0
"('a@POST@/spreada', 'us-west-1', 'b@POST@/spreadb')",a,b,a@POST@/spreada,b@POST@/spreadb,us-west-1,us-west-1,202,202,1.0
"('a@POST@/spreada', 'us-east-1', 'b@POST@/spreadb')",a,b,a@POST@/spreada,b@POST@/spreadb,us-east-1,us-east-1,199,199,1.0
"('a@POST@/spreada', 'us-west-1', 'b@POST@/spreadb')",a,b,a@POST@/spreada,b@POST@/spreadb,us-west-1,us-west-1,210,210,1.0
"('a@POST@/spreada', 'us-east-1', 'b@POST@/spreadb')",a,b,a@POST@/spreada,b@POST@/spreadb,us-east-1,us-west-1,1,198,0.005050505050505051
"('a@POST@/spreada', 'us-east-1', 'b@POST@/spreadb')",a,b,a@POST@/spreada,b@POST@/spreadb,us-east-1,us-east-1,197,198,0.9949494949494949
"('a@POST@/spreada', 'us-west-1', 'b@POST@/spreadb')",a,b,a@POST@/spreada,b@POST@/spreadb,us-west-1,us-west-1,197,197,1.0
"('a@POST@/spreada', 'us-east-1', 'b@POST@/spreadb')",a,b,a@POST@/spreada,b@POST@/spreadb,us-east-1,us-east-1,187,187,1.0
"('a@POST@/spreada', 'us-west-1', 'b@POST@/spreadb')",a,b,a@POST@/spreada,b@POST@/spreadb,us-west-1,us-west-1,201,201,1.0
"('a@POST@/spreada', 'us-east-1', 'b@POST@/spreadb')",a,b,a@POST@/spreada,b@POST@/spreadb,us-east-1,us-west-1,1,188,0.005319148936170213
"('a@POST@/spreada', 'us-east-1', 'b@POST@/spreadb')",a,b,a@POST@/spreada,b@POST@/spreadb,us-east-1,us-east-1,187,188,0.9946808510638298
"('a@POST@/spreada', 'us-west-1', 'b@POST@/spreadb')",a,b,a@POST@/spreada,b@POST@/spreadb,us-west-1,us-west-1,187,187,1.0
"('a@POST@/spreada', 'us-east-1', 'b@POST@/spreadb')",a,b,a@POST@/spreada,b@POST@/spreadb,us-east-1,us-east-1,178,178,1.0
"('a@POST@/spreada', 'us-west-1', 'b@POST@/spreadb')",a,b,a@POST@/spreada,b@POST@/spreadb,us-west-1,us-west-1,206,206,1.0
"('a@POST@/spreada', 'us-east-1', 'b@POST@/spreadb')",a,b,a@POST@/spreada,b@POST@/spreadb,us-east-1,us-east-1,202,202,1.0
"('a@POST@/spreada', 'us-west-1', 'b@POST@/spreadb')",a,b,a@POST@/spreada,b@POST@/spreadb,us-west-1,us-west-1,227,227,1.0
"('a@POST@/spreada', 'us-east-1', 'b@POST@/spreadb')",a,b,a@POST@/spreada,b@POST@/spreadb,us-east-1,us-west-1,1,209,0.004784688995215311
"('a@POST@/spreada', 'us-east-1', 'b@POST@/spreadb')",a,b,a@POST@/spreada,b@POST@/spreadb,us-east-1,us-east-1,208,209,0.9952153110047847
"('a@POST@/spreada', 'us-west-1', 'b@POST@/spreadb')",a,b,a@POST@/spreada,b@POST@/spreadb,us-west-1,us-west-1,208,208,1.0
"('a@POST@/spreada', 'us-east-1', 'b@POST@/spreadb')",a,b,a@POST@/spreada,b@POST@/spreadb,us-east-1,us-west-1,1,189,0.005291005291005291
"('a@POST@/spreada', 'us-east-1', 'b@POST@/spreadb')",a,b,a@POST@/spreada,b@POST@/spreadb,us-east-1,us-east-1,188,189,0.9947089947089947
"('a@POST@/spreada', 'us-west-1', 'b@POST@/spreadb')",a,b,a@POST@/spreada,b@POST@/spreadb,us-west-1,us-west-1,188,188,1.0
"('a@POST@/spreada', 'us-east-1', 'b@POST@/spreadb')",a,b,a@POST@/spreada,b@POST@/spreadb,us-east-1,us-east-1,183,183,1.0
"('a@POST@/spreada', 'us-west-1', 'b@POST@/spreadb')",a,b,a@POST@/spreada,b@POST@/spreadb,us-west-1,us-west-1,224,224,1.0
"('a@POST@/spreada', 'us-east-1', 'b@POST@/spreadb')",a,b,a@POST@/spreada,b@POST@/spreadb,us-east-1,us-west-1,1,198,0.005050505050505051
"('a@POST@/spreada', 'us-east-1', 'b@POST@/spreadb')",a,b,a@POST@/spreada,b@POST@/spreadb,us-east-1,us-east-1,197,198,0.9949494949494949
"('a@POST@/spreada', 'us-west-1', 'b@POST@/spreadb')",a,b,a@POST@/spreada,b@POST@/spreadb,us-west-1,us-west-1,197,197,1.0
"('a@POST@/spreada', 'us-east-1', 'b@POST@/spreadb')",a,b,a@POST@/spreada,b@POST@/spreadb,us-east-1,us-east-1,176,176,1.0
"('a@POST@/spreada', 'us-west-1', 'b@POST@/spreadb')",a,b,a@POST@/spreada,b@POST@/spreadb,us-west-1,us-west-1,199,199,1.0
"('a@POST@/spreada', 'us-east-1', 'b@POST@/spreadb')",a,b,a@POST@/spreada,b@POST@/spreadb,us-east-1,us-west-1,1,193,0.0051813471502590676
"('a@POST@/spreada', 'us-east-1', 'b@POST@/spreadb')",a,b,a@POST@/spreada,b@POST@/spreadb,us-east-1,us-east-1,192,193,0.9948186528497409
"('a@POST@/spreada', 'us-west-1', 'b@POST@/spreadb')",a,b,a@POST@/spreada,b@POST@/spreadb,us-west-1,us-west-1,192,192,1.0
"('a@POST@/spreada', 'us-east-1', 'b@POST@/spreadb')",a,b,a@POST@/spreada,b@POST@/spreadb,us-east-1,us-east-1,187,187,1.0
"('a@POST@/spreada', 'us-west-1', 'b@POST@/spreadb')",a,b,a@POST@/spreada,b@POST@/spreadb,us-west-1,us-west-1,203,203,1.0
"('a@POST@/spreada', 'us-east-1', 'b@POST@/spreadb')",a,b,a@POST@/spreada,b@POST@/spreadb,us-east-1,us-east-1,200,200,1.0
"('a@POST@/spreada', 'us-west-1', 'b@POST@/spreadb')",a,b,a@POST@/spreada,b@POST@/spreadb,us-west-1,us-west-1,206,206,1.0
"('a@POST@/spreada', 'us-east-1', 'b@POST@/spreadb')",a,b,a@POST@/spreada,b@POST@/spreadb,us-east-1,us-west-1,1,206,0.0048543689320388345
"('a@POST@/spreada', 'us-east-1', 'b@POST@/spreadb')",a,b,a@POST@/spreada,b@POST@/spreadb,us-east-1,us-east-1,205,206,0.9951456310679612
"('a@POST@/spreada', 'us-west-1', 'b@POST@/spreadb')",a,b,a@POST@/spreada,b@POST@/spreadb,us-west-1,us-west-1,205,205,1.0
"('a@POST@/spreada', 'us-east-1', 'b@POST@/spreadb')",a,b,a@POST@/spreada,b@POST@/spreadb,us-east-1,us-east-1,203,203,1.0
"('a@POST@/spreada', 'us-west-1', 'b@POST@/spreadb')",a,b,a@POST@/spreada,b@POST@/spreadb,us-west-1,us-west-1,214,214,1.0
"('a@POST@/spreada', 'us-east-1', 'b@POST@/spreadb')",a,b,a@POST@/spreada,b@POST@/spreadb,us-east-1,us-west-1,1,202,0.0049504950495049506
"('a@POST@/spreada', 'us-east-1', 'b@POST@/spreadb')",a,b,a@POST@/spreada,b@POST@/spreadb,us-east-1,us-east-1,201,202,0.995049504950495
"('a@POST@/spreada', 'us-west-1', 'b@POST@/spreadb')",a,b,a@POST@/spreada,b@POST@/spreadb,us-west-1,us-west-1,201,201,1.0
"('a@POST@/spreada', 'us-east-1', 'b@POST@/spreadb')",a,b,a@POST@/spreada,b@POST@/spreadb,us-east-1,us-west-1,1,195,0.005128205128205128
"('a@POST@/spreada', 'us-east-1', 'b@POST@/spreadb')",a,b,a@POST@/spreada,b@POST@/spreadb,us-east-1,us-east-1,194,195,0.9948717948717949
"('a@POST@/spreada', 'us-west-1', 'b@POST@/spreadb')",a,b,a@POST@/spreada,b@POST@/spreadb,us-west-1,us-west-1,194,194,1.0
"('a@POST@/spreada', 'us-east-1', 'b@POST@/spreadb')",a,b,a@POST@/spreada,b@POST@/spreadb,us-east-1,us-east-1,186,186,1.0
"('a@POST@/spreada', 'us-west-1', 'b@POST@/spreadb')",a,b,a@POST@/spreada,b@POST@/spreadb,us-west-1,us-west-1,211,211,1.0
"('a@POST@/spreada', 'us-east-1', 'b@POST@/spreadb')",a,b,a@POST@/spreada,b@POST@/spreadb,us-east-1,us-east-1,212,212,1.0
"('a@POST@/spreada', 'us-west-1', 'b@POST@/spreadb')",a,b,a@POST@/spreada,b@POST@/spreadb,us-west-1,us-west-1,235,235,1.0
"('a@POST@/spreada', 'us-east-1', 'b@POST@/spreadb')",a,b,a@POST@/spreada,b@POST@/spreadb,us-east-1,us-west-1,1,208,0.004807692307692308
"('a@POST@/spreada', 'us-east-1', 'b@POST@/spreadb')",a,b,a@POST@/spreada,b@POST@/spreadb,us-east-1,us-east-1,207,208,0.9951923076923077
"('a@POST@/spreada', 'us-west-1', 'b@POST@/spreadb')",a,b,a@POST@/spreada,b@POST@/spreadb,us-west-1,us-west-1,207,207,1.0
"('a@POST@/spreada', 'us-east-1', 'b@POST@/spreadb')",a,b,a@POST@/spreada,b@POST@/spreadb,us-east-1,us-east-1,180,180,1.0
"('a@POST@/spreada', 'us-west-1', 'b@POST@/spreadb')",a,b,a@POST@/spreada,b@POST@/spreadb,us-west-1,us-west-1,193,193,1.0
"('a@POST@/spreada', 'us-east-1', 'b@POST@/spreadb')",a,b,a@POST@/spreada,b@POST@/spreadb,us-east-1,us-west-1,1,194,0.005154639175257732
"('a@POST@/spreada', 'us-east-1', 'b@POST@/spreadb')",a,b,a@POST@/spreada,b@POST@/spreadb,us-east-1,us-east-1,193,194,0.9948453608247423
"('a@POST@/spreada', 'us-west-1', 'b@POST@/spreadb')",a,b,a@POST@/spreada,b@POST@/spreadb,us-west-1,us-west-1,193,193,1.0
"('a@POST@/spreada', 'us-east-1', 'b@POST@/spreadb')",a,b,a@POST@/spreada,b@POST@/spreadb,us-east-1,us-west-1,1,188,0.005319148936170213
"('a@POST@/spreada', 'us-east-1', 'b@POST@/spreadb')",a,b,a@POST@/spreada,b@POST@/spreadb,us-east-1,us-east-1,187,188,0.9946808510638298
"('a@POST@/spreada', 'us-west-1', 'b@POST@/spreadb')",a,b,a@POST@/spreada,b@POST@/spreadb,us-west-1,us-west-1,187,187,1.0
"('a@POST@/spreada', 'us-east-1', 'b@POST@/spreadb')",a,b,a@POST@/spreada,b@POST@/spreadb,us-east-1,us-east-1,190,190,1.0
"('a@POST@/spreada', 'us-west-1', 'b@POST@/spreadb')",a,b,a@POST@/spreada,b@POST@/spreadb,us-west-1,us-west-1,199,199,1.0
"('a@POST@/spreada', 'us-east-1', 'b@POST@/spreadb')",a,b,a@POST@/spreada,b@POST@/spreadb,us-east-1,us-west-1,1,191,0.005235602094240838
"('a@POST@/spreada', 'us-east-1', 'b@POST@/spreadb')",a,b,a@POST@/spreada,b@POST@/spreadb,us-east-1,us-east-1,190,191,0.9947643979057592
"('a@POST@/spreada', 'us-west-1', 'b@POST@/spreadb')",a,b,a@POST@/spreada,b@POST@/spreadb,us-west-1,us-west-1,190,190,1.0
"('a@POST@/spreada', 'us-east-1', 'b@POST@/spreadb')",a,b,a@POST@/spreada,b@POST@/spreadb,us-east-1,us-east-1,177,177,1.0
"('a@POST@/spreada', 'us-west-1', 'b@POST@/spreadb')",a,b,a@POST@/spreada,b@POST@/spreadb,us-west-1,us-west-1,194,194,1.0
"('a@POST@/spreada', 'us-east-1', 'b@POST@/spreadb')",a,b,a@POST@/spreada,b@POST@/spreadb,us-east-1,us-east-1,192,192,1.0
"('a@POST@/spreada', 'us-west-1', 'b@POST@/spreadb')",a,b,a@POST@/spreada,b@POST@/spreadb,us-west-1,us-west-1,212,212,1.0
"('a@POST@/spreada', 'us-east-1', 'b@POST@/spreadb')",a,b,a@POST@/spreada,b@POST@/spreadb,us-east-1,us-west-1,1,206,0.0048543689320388345
"('a@POST@/spreada', 'us-east-1', 'b@POST@/spreadb')",a,b,a@POST@/spreada,b@POST@/spreadb,us-east-1,us-east-1,205,206,0.9951456310679612
"('a@POST@/spreada', 'us-west-1', 'b@POST@/spreadb')",a,b,a@POST@/spreada,b@POST@/spreadb,us-west-1,us-west-1,205,205,1.0
"('a@POST@/spreada', 'us-east-1', 'b@POST@/spreadb')",a,b,a@POST@/spreada,b@POST@/spreadb,us-east-1,us-east-1,205,205,1.0
"('a@POST@/spreada', 'us-west-1', 'b@POST@/spreadb')",a,b,a@POST@/spreada,b@POST@/spreadb,us-west-1,us-west-1,229,229,1.0
"('a@POST@/spreada', 'us-east-1', 'b@POST@/spreadb')",a,b,a@POST@/spreada,b@POST@/spreadb,us-east-1,us-west-1,1,208,0.004807692307692308
"('a@POST@/spreada', 'us-east-1', 'b@POST@/spreadb')",a,b,a@POST@/spreada,b@POST@/spreadb,us-east-1,us-east-1,207,208,0.9951923076923077
"('a@POST@/spreada', 'us-west-1', 'b@POST@/spreadb')",a,b,a@POST@/spreada,b@POST@/spreadb,us-west-1,us-west-1,207,207,1.0
"('a@POST@/spreada', 'us-east-1', 'b@POST@/spreadb')",a,b,a@POST@/spreada,b@POST@/spreadb,us-east-1,us-east-1,189,189,1.0
"('a@POST@/spreada', 'us-west-1', 'b@POST@/spreadb')",a,b,a@POST@/spreada,b@POST@/spreadb,us-west-1,us-west-1,199,199,1.0
"('a@POST@/spreada', 'us-east-1', 'b@POST@/spreadb')",a,b,a@POST@/spreada,b@POST@/spreadb,us-east-1,us-east-1,196,196,1.0
"('a@POST@/spreada', 'us-west-1', 'b@POST@/spreadb')",a,b,a@POST@/spreada,b@POST@/spreadb,us-west-1,us-west-1,213,213,1.0
"('a@POST@/spreada', 'us-east-1', 'b@POST@/spreadb')",a,b,a@POST@/spreada,b@POST@/spreadb,us-east-1,us-west-1,1,200,0.005
"('a@POST@/spreada', 'us-east-1', 'b@POST@/spreadb')",a,b,a@POST@/spreada,b@POST@/spreadb,us-east-1,us-east-1,199,200,0.995
"('a@POST@/spreada', 'us-west-1', 'b@POST@/spreadb')",a,b,a@POST@/spreada,b@POST@/spreadb,us-west-1,us-west-1,199,199,1.0
"('a@POST@/spreada', 'us-east-1', 'b@POST@/spreadb')",a,b,a@POST@/spreada,b@POST@/spreadb,us-east-1,us-east-1,189,189,1.0
"('a@POST@/spreada', 'us-west-1', 'b@POST@/spreadb')",a,b,a@POST@/spreada,b@POST@/spreadb,us-west-1,us-west-1,219,219,1.0
"('a@POST@/spreada', 'us-east-1', 'b@POST@/spreadb')",a,b,a@POST@/spreada,b@POST@/spreadb,us-east-1,us-west-1,1,207,0.004830917874396135
"('a@POST@/spreada', 'us-east-1', 'b@POST@/spreadb')",a,b,a@POST@/spreada,b@POST@/spreadb,us-east-1,us-east-1,206,207,0.9951690821256038
"('a@POST@/spreada', 'us-west-1', 'b@POST@/spreadb')",a,b,a@POST@/spreada,b@POST@/spreadb,us-west-1,us-west-1,206,206,1.0
"('a@POST@/spreada', 'us-east-1', 'b@POST@/spreadb')",a,b,a@POST@/spreada,b@POST@/spreadb,us-east-1,us-west-1,1,194,0.005154639175257732
"('a@POST@/spreada', 'us-east-1', 'b@POST@/spreadb')",a,b,a@POST@/spreada,b@POST@/spreadb,us-east-1,us-east-1,193,194,0.9948453608247423
"('a@POST@/spreada', 'us-west-1', 'b@POST@/spreadb')",a,b,a@POST@/spreada,b@POST@/spreadb,us-west-1,us-west-1,193,193,1.0
"('a@POST@/spreada', 'us-east-1', 'b@POST@/spreadb')",a,b,a@POST@/spreada,b@POST@/spreadb,us-east-1,us-east-1,185,185,1.0
"('a@POST@/spreada', 'us-west-1', 'b@POST@/spreadb')",a,b,a@POST@/spreada,b@POST@/spreadb,us-west-1,us-west-1,191,191,1.0
"('a@POST@/spreada', 'us-east-1', 'b@POST@/spreadb')",a,b,a@POST@/spreada,b@POST@/spreadb,us-east-1,us-east-1,190,190,1.0
"('a@POST@/spreada', 'us-west-1', 'b@POST@/spreadb')",a,b,a@POST@/spreada,b@POST@/spreadb,us-west-1,us-west-1,208,208,1.0
"('a@POST@/spreada', 'us-east-1', 'b@POST@/spreadb')",a,b,a@POST@/spreada,b@POST@/spreadb,us-east-1,us-west-1,1,206,0.0048543689320388345
"('a@POST@/spreada', 'us-east-1', 'b@POST@/spreadb')",a,b,a@POST@/spreada,b@POST@/spreadb,us-east-1,us-east-1,205,206,0.9951456310679612
"('a@POST@/spreada', 'us-west-1', 'b@POST@/spreadb')",a,b,a@POST@/spreada,b@POST@/spreadb,us-west-1,us-west-1,205,205,1.0
"('a@POST@/spreada', 'us-east-1', 'b@POST@/spreadb')",a,b,a@POST@/spreada,b@POST@/spreadb,us-east-1,us-west-1,1,190,0.005263157894736842
"('a@POST@/spreada', 'us-east-1', 'b@POST@/spreadb')",a,b,a@POST@/spreada,b@POST@/spreadb,us-east-1,us-east-1,189,190,0.9947368421052631
"('a@POST@/spreada', 'us-west-1', 'b@POST@/spreadb')",a,b,a@POST@/spreada,b@POST@/spreadb,us-west-1,us-west-1,189,189,1.0
"('a@POST@/spreada', 'us-east-1', 'b@POST@/spreadb')",a,b,a@POST@/spreada,b@POST@/spreadb,us-east-1,us-west-1,1,176,0.005681818181818182
"('a@POST@/spreada', 'us-east-1', 'b@POST@/spreadb')",a,b,a@POST@/spreada,b@POST@/spreadb,us-east-1,us-east-1,175,176,0.9943181818181818
"('a@POST@/spreada', 'us-west-1', 'b@POST@/spreadb')",a,b,a@POST@/spreada,b@POST@/spreadb,us-west-1,us-west-1,175,175,1.0
"('a@POST@/spreada', 'us-east-1', 'b@POST@/spreadb')",a,b,a@POST@/spreada,b@POST@/spreadb,us-east-1,us-east-1,169,169,1.0
"('a@POST@/spreada', 'us-west-1', 'b@POST@/spreadb')",a,b,a@POST@/spreada,b@POST@/spreadb,us-west-1,us-west-1,197,197,1.0
"('a@POST@/spreada', 'us-east-1', 'b@POST@/spreadb')",a,b,a@POST@/spreada,b@POST@/spreadb,us-east-1,us-east-1,191,191,1.0
"('a@POST@/spreada', 'us-west-1', 'b@POST@/spreadb')",a,b,a@POST@/spreada,b@POST@/spreadb,us-west-1,us-west-1,195,195,1.0
"('a@POST@/spreada', 'us-east-1', 'b@POST@/spreadb')",a,b,a@POST@/spreada,b@POST@/spreadb,us-east-1,us-west-1,1,196,0.00510204081632653
"('a@POST@/spreada', 'us-east-1', 'b@POST@/spreadb')",a,b,a@POST@/spreada,b@POST@/spreadb,us-east-1,us-east-1,195,196,0.9948979591836735
"('a@POST@/spreada', 'us-west-1', 'b@POST@/spreadb')",a,b,a@POST@/spreada,b@POST@/spreadb,us-west-1,us-west-1,195,195,1.0
"('a@POST@/spreada', 'us-east-1', 'b@POST@/spreadb')",a,b,a@POST@/spreada,b@POST@/spreadb,us-east-1,us-west-1,1,190,0.005263157894736842
"('a@POST@/spreada', 'us-east-1', 'b@POST@/spreadb')",a,b,a@POST@/spreada,b@POST@/spreadb,us-east-1,us-east-1,189,190,0.9947368421052631
"('a@POST@/spreada', 'us-west-1', 'b@POST@/spreadb')",a,b,a@POST@/spreada,b@POST@/spreadb,us-west-1,us-west-1,189,189,1.0
"('a@POST@/spreada', 'us-east-1', 'b@POST@/spreadb')",a,b,a@POST@/spreada,b@POST@/spreadb,us-east-1,us-east-1,187,187,1.0
"('a@POST@/spreada', 'us-west-1', 'b@POST@/spreadb')",a,b,a@POST@/spreada,b@POST@/spreadb,us-west-1,us-west-1,227,227,1.0
"('a@POST@/spreada', 'us-east-1', 'b@POST@/spreadb')",a,b,a@POST@/spreada,b@POST@/spreadb,us-east-1,us-west-1,1,224,0.004464285714285714
"('a@POST@/spreada', 'us-east-1', 'b@POST@/spreadb')",a,b,a@POST@/spreada,b@POST@/spreadb,us-east-1,us-east-1,223,224,0.9955357142857143
"('a@POST@/spreada', 'us-west-1', 'b@POST@/spreadb')",a,b,a@POST@/spreada,b@POST@/spreadb,us-west-1,us-west-1,223,223,1.0
"('a@POST@/spreada', 'us-east-1', 'b@POST@/spreadb')",a,b,a@POST@/spreada,b@POST@/spreadb,us-east-1,us-west-1,1,210,0.004761904761904762
"('a@POST@/spreada', 'us-east-1', 'b@POST@/spreadb')",a,b,a@POST@/spreada,b@POST@/spreadb,us-east-1,us-east-1,209,210,0.9952380952380953
"('a@POST@/spreada', 'us-west-1', 'b@POST@/spreadb')",a,b,a@POST@/spreada,b@POST@/spreadb,us-west-1,us-west-1,209,209,1.0
"('a@POST@/spreada', 'us-east-1', 'b@POST@/spreadb')",a,b,a@POST@/spreada,b@POST@/spreadb,us-east-1,us-east-1,202,202,1.0
"('a@POST@/spreada', 'us-west-1', 'b@POST@/spreadb')",a,b,a@POST@/spreada,b@POST@/spreadb,us-west-1,us-west-1,204,204,1.0
"('a@POST@/spreada', 'us-east-1', 'b@POST@/spreadb')",a,b,a@POST@/spreada,b@POST@/spreadb,us-east-1,us-east-1,204,204,1.0
"('a@POST@/spreada', 'us-west-1', 'b@POST@/spreadb')",a,b,a@POST@/spreada,b@POST@/spreadb,us-west-1,us-west-1,226,226,1.0
"('a@POST@/spreada', 'us-east-1', 'b@POST@/spreadb')",a,b,a@POST@/spreada,b@POST@/spreadb,us-east-1,us-west-1,1,204,0.004901960784313725
"('a@POST@/spreada', 'us-east-1', 'b@POST@/spreadb')",a,b,a@POST@/spreada,b@POST@/spreadb,us-east-1,us-east-1,203,204,0.9950980392156863
"('a@POST@/spreada', 'us-west-1', 'b@POST@/spreadb')",a,b,a@POST@/spreada,b@POST@/spreadb,us-west-1,us-west-1,203,203,1.0
"('a@POST@/spreada', 'us-east-1', 'b@POST@/spreadb')",a,b,a@POST@/spreada,b@POST@/spreadb,us-east-1,us-west-1,1,177,0.005649717514124294
"('a@POST@/spreada', 'us-east-1', 'b@POST@/spreadb')",a,b,a@POST@/spreada,b@POST@/spreadb,us-east-1,us-east-1,176,177,0.9943502824858758
"('a@POST@/spreada', 'us-west-1', 'b@POST@/spreadb')",a,b,a@POST@/spreada,b@POST@/spreadb,us-west-1,us-west-1,176,176,1.0
"('a@POST@/spreada', 'us-east-1', 'b@POST@/spreadb')",a,b,a@POST@/spreada,b@POST@/spreadb,us-east-1,us-west-1,1,160,0.00625
"('a@POST@/spreada', 'us-east-1', 'b@POST@/spreadb')",a,b,a@POST@/spreada,b@POST@/spreadb,us-east-1,us-east-1,159,160,0.99375
"('a@POST@/spreada', 'us-west-1', 'b@POST@/spreadb')",a,b,a@POST@/spreada,b@POST@/spreadb,us-west-1,us-west-1,159,159,1.0
"('a@POST@/spreada', 'us-east-1', 'b@POST@/spreadb')",a,b,a@POST@/spreada,b@POST@/spreadb,us-east-1,us-east-1,78,78,1.0
"('a@POST@/spreada', 'us-west-1', 'b@POST@/spreadb')",a,b,a@POST@/spreada,b@POST@/spreadb,us-west-1,us-west-1,78,78,1.0
"('a@POST@/spreada', 'us-east-1', 'b@POST@/spreadb')",a,b,a@POST@/spreada,b@POST@/spreadb,us-east-1,us-east-1,78,78,1.0
"('a@POST@/spreada', 'us-west-1', 'b@POST@/spreadb')",a,b,a@POST@/spreada,b@POST@/spreadb,us-west-1,us-west-1,78,78,1.0
