index_col,counter,src_svc,dst_svc,src_endpoint,dst_endpoint,src_cid,dst_cid,flow,total,weight
"('frontend@POST@/write10kb', 'us-west-1', 'compute-node@POST@/write10kb')",1,frontend,compute-node,frontend@POST@/write10kb,compute-node@POST@/write10kb,us-west-1,us-west-1,128,128,1.0
"('SOURCE', 'XXXX', 'frontend@POST@/write10kb')",1,SOURCE,frontend,SOURCE,frontend@POST@/write10kb,XXXX,us-west-1,128,128,1.0
"('frontend@POST@/write10kb', 'us-west-1', 'compute-node@POST@/write10kb')",2,frontend,compute-node,frontend@POST@/write10kb,compute-node@POST@/write10kb,us-west-1,us-west-1,128,128,1.0
"('SOURCE', 'XXXX', 'frontend@POST@/write10kb')",2,SOURCE,frontend,SOURCE,frontend@POST@/write10kb,XXXX,us-west-1,128,128,1.0
"('frontend@POST@/write1mb', 'us-west-1', 'compute-node@POST@/write1mb')",3,frontend,compute-node,frontend@POST@/write1mb,compute-node@POST@/write1mb,us-west-1,us-west-1,129,129,1.0
"('frontend@POST@/write10kb', 'us-east-1', 'compute-node@POST@/write10kb')",3,frontend,compute-node,frontend@POST@/write10kb,compute-node@POST@/write10kb,us-east-1,us-east-1,60,60,1.0
"('frontend@POST@/write10kb', 'us-west-1', 'compute-node@POST@/write10kb')",3,frontend,compute-node,frontend@POST@/write10kb,compute-node@POST@/write10kb,us-west-1,us-west-1,188,188,1.0
"('SOURCE', 'XXXX', 'frontend@POST@/write1mb')",3,SOURCE,frontend,SOURCE,frontend@POST@/write1mb,XXXX,us-west-1,129,129,1.0
"('SOURCE', 'XXXX', 'frontend@POST@/write10kb')",3,SOURCE,frontend,SOURCE,frontend@POST@/write10kb,XXXX,us-east-1,60,248,0.24193548387096775
"('SOURCE', 'XXXX', 'frontend@POST@/write10kb')",3,SOURCE,frontend,SOURCE,frontend@POST@/write10kb,XXXX,us-west-1,188,248,0.7580645161290323
"('frontend@POST@/write1mb', 'us-east-1', 'compute-node@POST@/write1mb')",4,frontend,compute-node,frontend@POST@/write1mb,compute-node@POST@/write1mb,us-east-1,us-east-1,60,60,1.0
"('frontend@POST@/write1mb', 'us-west-1', 'compute-node@POST@/write1mb')",4,frontend,compute-node,frontend@POST@/write1mb,compute-node@POST@/write1mb,us-west-1,us-west-1,186,186,1.0
"('frontend@POST@/write10kb', 'us-east-1', 'compute-node@POST@/write10kb')",4,frontend,compute-node,frontend@POST@/write10kb,compute-node@POST@/write10kb,us-east-1,us-east-1,107,107,1.0
"('frontend@POST@/write10kb', 'us-west-1', 'compute-node@POST@/write10kb')",4,frontend,compute-node,frontend@POST@/write10kb,compute-node@POST@/write10kb,us-west-1,us-west-1,239,239,1.0
"('SOURCE', 'XXXX', 'frontend@POST@/write1mb')",4,SOURCE,frontend,SOURCE,frontend@POST@/write1mb,XXXX,us-east-1,60,246,0.24390243902439024
"('SOURCE', 'XXXX', 'frontend@POST@/write1mb')",4,SOURCE,frontend,SOURCE,frontend@POST@/write1mb,XXXX,us-west-1,186,246,0.7560975609756098
"('SOURCE', 'XXXX', 'frontend@POST@/write10kb')",4,SOURCE,frontend,SOURCE,frontend@POST@/write10kb,XXXX,us-east-1,107,346,0.3092485549132948
"('SOURCE', 'XXXX', 'frontend@POST@/write10kb')",4,SOURCE,frontend,SOURCE,frontend@POST@/write10kb,XXXX,us-west-1,239,346,0.6907514450867052
"('frontend@POST@/write1mb', 'us-east-1', 'compute-node@POST@/write1mb')",5,frontend,compute-node,frontend@POST@/write1mb,compute-node@POST@/write1mb,us-east-1,us-east-1,107,107,1.0
"('frontend@POST@/write1mb', 'us-west-1', 'compute-node@POST@/write1mb')",5,frontend,compute-node,frontend@POST@/write1mb,compute-node@POST@/write1mb,us-west-1,us-west-1,239,239,1.0
"('frontend@POST@/write10kb', 'us-east-1', 'compute-node@POST@/write10kb')",5,frontend,compute-node,frontend@POST@/write10kb,compute-node@POST@/write10kb,us-east-1,us-east-1,105,105,1.0
"('frontend@POST@/write10kb', 'us-west-1', 'compute-node@POST@/write10kb')",5,frontend,compute-node,frontend@POST@/write10kb,compute-node@POST@/write10kb,us-west-1,us-west-1,206,206,1.0
"('SOURCE', 'XXXX', 'frontend@POST@/write1mb')",5,SOURCE,frontend,SOURCE,frontend@POST@/write1mb,XXXX,us-east-1,107,346,0.3092485549132948
"('SOURCE', 'XXXX', 'frontend@POST@/write1mb')",5,SOURCE,frontend,SOURCE,frontend@POST@/write1mb,XXXX,us-west-1,239,346,0.6907514450867052
"('SOURCE', 'XXXX', 'frontend@POST@/write10kb')",5,SOURCE,frontend,SOURCE,frontend@POST@/write10kb,XXXX,us-east-1,105,311,0.33762057877813506
"('SOURCE', 'XXXX', 'frontend@POST@/write10kb')",5,SOURCE,frontend,SOURCE,frontend@POST@/write10kb,XXXX,us-west-1,206,311,0.662379421221865
"('frontend@POST@/write1mb', 'us-east-1', 'compute-node@POST@/write1mb')",6,frontend,compute-node,frontend@POST@/write1mb,compute-node@POST@/write1mb,us-east-1,us-east-1,105,105,1.0
"('frontend@POST@/write1mb', 'us-west-1', 'compute-node@POST@/write1mb')",6,frontend,compute-node,frontend@POST@/write1mb,compute-node@POST@/write1mb,us-west-1,us-west-1,206,206,1.0
"('frontend@POST@/write10kb', 'us-east-1', 'compute-node@POST@/write10kb')",6,frontend,compute-node,frontend@POST@/write10kb,compute-node@POST@/write10kb,us-east-1,us-east-1,102,102,1.0
"('frontend@POST@/write10kb', 'us-west-1', 'compute-node@POST@/write10kb')",6,frontend,compute-node,frontend@POST@/write10kb,compute-node@POST@/write10kb,us-west-1,us-west-1,195,195,1.0
"('SOURCE', 'XXXX', 'frontend@POST@/write1mb')",6,SOURCE,frontend,SOURCE,frontend@POST@/write1mb,XXXX,us-east-1,105,311,0.33762057877813506
"('SOURCE', 'XXXX', 'frontend@POST@/write1mb')",6,SOURCE,frontend,SOURCE,frontend@POST@/write1mb,XXXX,us-west-1,206,311,0.662379421221865
"('SOURCE', 'XXXX', 'frontend@POST@/write10kb')",6,SOURCE,frontend,SOURCE,frontend@POST@/write10kb,XXXX,us-east-1,102,297,0.3434343434343434
"('SOURCE', 'XXXX', 'frontend@POST@/write10kb')",6,SOURCE,frontend,SOURCE,frontend@POST@/write10kb,XXXX,us-west-1,195,297,0.6565656565656566
"('frontend@POST@/write1mb', 'us-east-1', 'compute-node@POST@/write1mb')",7,frontend,compute-node,frontend@POST@/write1mb,compute-node@POST@/write1mb,us-east-1,us-east-1,102,102,1.0
"('frontend@POST@/write1mb', 'us-west-1', 'compute-node@POST@/write1mb')",7,frontend,compute-node,frontend@POST@/write1mb,compute-node@POST@/write1mb,us-west-1,us-west-1,194,194,1.0
"('frontend@POST@/write10kb', 'us-east-1', 'compute-node@POST@/write10kb')",7,frontend,compute-node,frontend@POST@/write10kb,compute-node@POST@/write10kb,us-east-1,us-east-1,112,112,1.0
"('frontend@POST@/write10kb', 'us-west-1', 'compute-node@POST@/write10kb')",7,frontend,compute-node,frontend@POST@/write10kb,compute-node@POST@/write10kb,us-west-1,us-west-1,193,193,1.0
"('SOURCE', 'XXXX', 'frontend@POST@/write1mb')",7,SOURCE,frontend,SOURCE,frontend@POST@/write1mb,XXXX,us-east-1,102,296,0.34459459459459457
"('SOURCE', 'XXXX', 'frontend@POST@/write1mb')",7,SOURCE,frontend,SOURCE,frontend@POST@/write1mb,XXXX,us-west-1,194,296,0.6554054054054054
"('SOURCE', 'XXXX', 'frontend@POST@/write10kb')",7,SOURCE,frontend,SOURCE,frontend@POST@/write10kb,XXXX,us-east-1,112,305,0.36721311475409835
"('SOURCE', 'XXXX', 'frontend@POST@/write10kb')",7,SOURCE,frontend,SOURCE,frontend@POST@/write10kb,XXXX,us-west-1,193,305,0.6327868852459017
"('frontend@POST@/write1mb', 'us-east-1', 'compute-node@POST@/write1mb')",8,frontend,compute-node,frontend@POST@/write1mb,compute-node@POST@/write1mb,us-east-1,us-east-1,114,114,1.0
"('frontend@POST@/write1mb', 'us-west-1', 'compute-node@POST@/write1mb')",8,frontend,compute-node,frontend@POST@/write1mb,compute-node@POST@/write1mb,us-west-1,us-west-1,195,195,1.0
"('frontend@POST@/write10kb', 'us-east-1', 'compute-node@POST@/write10kb')",8,frontend,compute-node,frontend@POST@/write10kb,compute-node@POST@/write10kb,us-east-1,us-east-1,123,123,1.0
"('frontend@POST@/write10kb', 'us-west-1', 'compute-node@POST@/write10kb')",8,frontend,compute-node,frontend@POST@/write10kb,compute-node@POST@/write10kb,us-west-1,us-west-1,184,184,1.0
"('SOURCE', 'XXXX', 'frontend@POST@/write1mb')",8,SOURCE,frontend,SOURCE,frontend@POST@/write1mb,XXXX,us-east-1,114,309,0.36893203883495146
"('SOURCE', 'XXXX', 'frontend@POST@/write1mb')",8,SOURCE,frontend,SOURCE,frontend@POST@/write1mb,XXXX,us-west-1,195,309,0.6310679611650486
"('SOURCE', 'XXXX', 'frontend@POST@/write10kb')",8,SOURCE,frontend,SOURCE,frontend@POST@/write10kb,XXXX,us-east-1,123,307,0.4006514657980456
"('SOURCE', 'XXXX', 'frontend@POST@/write10kb')",8,SOURCE,frontend,SOURCE,frontend@POST@/write10kb,XXXX,us-west-1,184,307,0.5993485342019544
"('frontend@POST@/write1mb', 'us-east-1', 'compute-node@POST@/write1mb')",9,frontend,compute-node,frontend@POST@/write1mb,compute-node@POST@/write1mb,us-east-1,us-east-1,127,127,1.0
"('frontend@POST@/write1mb', 'us-west-1', 'compute-node@POST@/write1mb')",9,frontend,compute-node,frontend@POST@/write1mb,compute-node@POST@/write1mb,us-west-1,us-west-1,183,183,1.0
"('frontend@POST@/write10kb', 'us-east-1', 'compute-node@POST@/write10kb')",9,frontend,compute-node,frontend@POST@/write10kb,compute-node@POST@/write10kb,us-east-1,us-east-1,94,94,1.0
"('frontend@POST@/write10kb', 'us-west-1', 'compute-node@POST@/write10kb')",9,frontend,compute-node,frontend@POST@/write10kb,compute-node@POST@/write10kb,us-west-1,us-west-1,221,221,1.0
"('SOURCE', 'XXXX', 'frontend@POST@/write1mb')",9,SOURCE,frontend,SOURCE,frontend@POST@/write1mb,XXXX,us-east-1,127,310,0.4096774193548387
"('SOURCE', 'XXXX', 'frontend@POST@/write1mb')",9,SOURCE,frontend,SOURCE,frontend@POST@/write1mb,XXXX,us-west-1,183,310,0.5903225806451613
"('SOURCE', 'XXXX', 'frontend@POST@/write10kb')",9,SOURCE,frontend,SOURCE,frontend@POST@/write10kb,XXXX,us-east-1,94,315,0.2984126984126984
"('SOURCE', 'XXXX', 'frontend@POST@/write10kb')",9,SOURCE,frontend,SOURCE,frontend@POST@/write10kb,XXXX,us-west-1,221,315,0.7015873015873015
"('frontend@POST@/write1mb', 'us-east-1', 'compute-node@POST@/write1mb')",10,frontend,compute-node,frontend@POST@/write1mb,compute-node@POST@/write1mb,us-east-1,us-east-1,95,95,1.0
"('frontend@POST@/write1mb', 'us-west-1', 'compute-node@POST@/write1mb')",10,frontend,compute-node,frontend@POST@/write1mb,compute-node@POST@/write1mb,us-west-1,us-west-1,219,219,1.0
"('frontend@POST@/write10kb', 'us-east-1', 'compute-node@POST@/write10kb')",10,frontend,compute-node,frontend@POST@/write10kb,compute-node@POST@/write10kb,us-east-1,us-east-1,94,94,1.0
"('frontend@POST@/write10kb', 'us-west-1', 'compute-node@POST@/write10kb')",10,frontend,compute-node,frontend@POST@/write10kb,compute-node@POST@/write10kb,us-west-1,us-west-1,180,180,1.0
"('SOURCE', 'XXXX', 'frontend@POST@/write1mb')",10,SOURCE,frontend,SOURCE,frontend@POST@/write1mb,XXXX,us-east-1,95,314,0.30254777070063693
"('SOURCE', 'XXXX', 'frontend@POST@/write1mb')",10,SOURCE,frontend,SOURCE,frontend@POST@/write1mb,XXXX,us-west-1,219,314,0.697452229299363
"('SOURCE', 'XXXX', 'frontend@POST@/write10kb')",10,SOURCE,frontend,SOURCE,frontend@POST@/write10kb,XXXX,us-east-1,94,274,0.34306569343065696
"('SOURCE', 'XXXX', 'frontend@POST@/write10kb')",10,SOURCE,frontend,SOURCE,frontend@POST@/write10kb,XXXX,us-west-1,180,274,0.656934306569343
"('frontend@POST@/write1mb', 'us-east-1', 'compute-node@POST@/write1mb')",11,frontend,compute-node,frontend@POST@/write1mb,compute-node@POST@/write1mb,us-east-1,us-east-1,93,93,1.0
"('frontend@POST@/write1mb', 'us-west-1', 'compute-node@POST@/write1mb')",11,frontend,compute-node,frontend@POST@/write1mb,compute-node@POST@/write1mb,us-west-1,us-west-1,180,180,1.0
"('frontend@POST@/write10kb', 'us-east-1', 'compute-node@POST@/write10kb')",11,frontend,compute-node,frontend@POST@/write10kb,compute-node@POST@/write10kb,us-east-1,us-east-1,92,92,1.0
"('frontend@POST@/write10kb', 'us-west-1', 'compute-node@POST@/write10kb')",11,frontend,compute-node,frontend@POST@/write10kb,compute-node@POST@/write10kb,us-west-1,us-west-1,196,196,1.0
"('SOURCE', 'XXXX', 'frontend@POST@/write1mb')",11,SOURCE,frontend,SOURCE,frontend@POST@/write1mb,XXXX,us-east-1,93,273,0.34065934065934067
"('SOURCE', 'XXXX', 'frontend@POST@/write1mb')",11,SOURCE,frontend,SOURCE,frontend@POST@/write1mb,XXXX,us-west-1,180,273,0.6593406593406593
"('SOURCE', 'XXXX', 'frontend@POST@/write10kb')",11,SOURCE,frontend,SOURCE,frontend@POST@/write10kb,XXXX,us-east-1,92,288,0.3194444444444444
"('SOURCE', 'XXXX', 'frontend@POST@/write10kb')",11,SOURCE,frontend,SOURCE,frontend@POST@/write10kb,XXXX,us-west-1,196,288,0.6805555555555556
"('frontend@POST@/write1mb', 'us-east-1', 'compute-node@POST@/write1mb')",12,frontend,compute-node,frontend@POST@/write1mb,compute-node@POST@/write1mb,us-east-1,us-east-1,92,92,1.0
"('frontend@POST@/write1mb', 'us-west-1', 'compute-node@POST@/write1mb')",12,frontend,compute-node,frontend@POST@/write1mb,compute-node@POST@/write1mb,us-west-1,us-west-1,196,196,1.0
"('frontend@POST@/write10kb', 'us-east-1', 'compute-node@POST@/write10kb')",12,frontend,compute-node,frontend@POST@/write10kb,compute-node@POST@/write10kb,us-east-1,us-east-1,98,98,1.0
"('frontend@POST@/write10kb', 'us-west-1', 'compute-node@POST@/write10kb')",12,frontend,compute-node,frontend@POST@/write10kb,compute-node@POST@/write10kb,us-west-1,us-west-1,203,203,1.0
"('SOURCE', 'XXXX', 'frontend@POST@/write1mb')",12,SOURCE,frontend,SOURCE,frontend@POST@/write1mb,XXXX,us-east-1,92,288,0.3194444444444444
"('SOURCE', 'XXXX', 'frontend@POST@/write1mb')",12,SOURCE,frontend,SOURCE,frontend@POST@/write1mb,XXXX,us-west-1,196,288,0.6805555555555556
"('SOURCE', 'XXXX', 'frontend@POST@/write10kb')",12,SOURCE,frontend,SOURCE,frontend@POST@/write10kb,XXXX,us-east-1,98,301,0.32558139534883723
"('SOURCE', 'XXXX', 'frontend@POST@/write10kb')",12,SOURCE,frontend,SOURCE,frontend@POST@/write10kb,XXXX,us-west-1,203,301,0.6744186046511628
"('frontend@POST@/write1mb', 'us-east-1', 'compute-node@POST@/write1mb')",13,frontend,compute-node,frontend@POST@/write1mb,compute-node@POST@/write1mb,us-east-1,us-east-1,98,98,1.0
"('frontend@POST@/write1mb', 'us-west-1', 'compute-node@POST@/write1mb')",13,frontend,compute-node,frontend@POST@/write1mb,compute-node@POST@/write1mb,us-west-1,us-west-1,203,203,1.0
"('frontend@POST@/write10kb', 'us-east-1', 'compute-node@POST@/write10kb')",13,frontend,compute-node,frontend@POST@/write10kb,compute-node@POST@/write10kb,us-east-1,us-east-1,108,108,1.0
"('frontend@POST@/write10kb', 'us-west-1', 'compute-node@POST@/write10kb')",13,frontend,compute-node,frontend@POST@/write10kb,compute-node@POST@/write10kb,us-west-1,us-west-1,190,190,1.0
"('SOURCE', 'XXXX', 'frontend@POST@/write1mb')",13,SOURCE,frontend,SOURCE,frontend@POST@/write1mb,XXXX,us-east-1,98,301,0.32558139534883723
"('SOURCE', 'XXXX', 'frontend@POST@/write1mb')",13,SOURCE,frontend,SOURCE,frontend@POST@/write1mb,XXXX,us-west-1,203,301,0.6744186046511628
"('SOURCE', 'XXXX', 'frontend@POST@/write10kb')",13,SOURCE,frontend,SOURCE,frontend@POST@/write10kb,XXXX,us-east-1,108,298,0.3624161073825503
"('SOURCE', 'XXXX', 'frontend@POST@/write10kb')",13,SOURCE,frontend,SOURCE,frontend@POST@/write10kb,XXXX,us-west-1,190,298,0.6375838926174496
"('frontend@POST@/write1mb', 'us-east-1', 'compute-node@POST@/write1mb')",14,frontend,compute-node,frontend@POST@/write1mb,compute-node@POST@/write1mb,us-east-1,us-east-1,108,108,1.0
"('frontend@POST@/write1mb', 'us-west-1', 'compute-node@POST@/write1mb')",14,frontend,compute-node,frontend@POST@/write1mb,compute-node@POST@/write1mb,us-west-1,us-west-1,192,192,1.0
"('frontend@POST@/write10kb', 'us-east-1', 'compute-node@POST@/write10kb')",14,frontend,compute-node,frontend@POST@/write10kb,compute-node@POST@/write10kb,us-east-1,us-east-1,103,103,1.0
"('frontend@POST@/write10kb', 'us-west-1', 'compute-node@POST@/write10kb')",14,frontend,compute-node,frontend@POST@/write10kb,compute-node@POST@/write10kb,us-west-1,us-west-1,225,225,1.0
"('SOURCE', 'XXXX', 'frontend@POST@/write1mb')",14,SOURCE,frontend,SOURCE,frontend@POST@/write1mb,XXXX,us-east-1,108,300,0.36
"('SOURCE', 'XXXX', 'frontend@POST@/write1mb')",14,SOURCE,frontend,SOURCE,frontend@POST@/write1mb,XXXX,us-west-1,192,300,0.64
"('SOURCE', 'XXXX', 'frontend@POST@/write10kb')",14,SOURCE,frontend,SOURCE,frontend@POST@/write10kb,XXXX,us-east-1,103,328,0.31402439024390244
"('SOURCE', 'XXXX', 'frontend@POST@/write10kb')",14,SOURCE,frontend,SOURCE,frontend@POST@/write10kb,XXXX,us-west-1,225,328,0.6859756097560976
"('frontend@POST@/write1mb', 'us-east-1', 'compute-node@POST@/write1mb')",15,frontend,compute-node,frontend@POST@/write1mb,compute-node@POST@/write1mb,us-east-1,us-east-1,105,105,1.0
"('frontend@POST@/write1mb', 'us-west-1', 'compute-node@POST@/write1mb')",15,frontend,compute-node,frontend@POST@/write1mb,compute-node@POST@/write1mb,us-west-1,us-west-1,221,221,1.0
"('frontend@POST@/write10kb', 'us-east-1', 'compute-node@POST@/write10kb')",15,frontend,compute-node,frontend@POST@/write10kb,compute-node@POST@/write10kb,us-east-1,us-east-1,91,91,1.0
"('frontend@POST@/write10kb', 'us-west-1', 'compute-node@POST@/write10kb')",15,frontend,compute-node,frontend@POST@/write10kb,compute-node@POST@/write10kb,us-west-1,us-west-1,172,172,1.0
"('SOURCE', 'XXXX', 'frontend@POST@/write1mb')",15,SOURCE,frontend,SOURCE,frontend@POST@/write1mb,XXXX,us-east-1,105,326,0.3220858895705521
"('SOURCE', 'XXXX', 'frontend@POST@/write1mb')",15,SOURCE,frontend,SOURCE,frontend@POST@/write1mb,XXXX,us-west-1,221,326,0.6779141104294478
"('SOURCE', 'XXXX', 'frontend@POST@/write10kb')",15,SOURCE,frontend,SOURCE,frontend@POST@/write10kb,XXXX,us-east-1,91,263,0.34600760456273766
"('SOURCE', 'XXXX', 'frontend@POST@/write10kb')",15,SOURCE,frontend,SOURCE,frontend@POST@/write10kb,XXXX,us-west-1,172,263,0.6539923954372624
"('frontend@POST@/write1mb', 'us-east-1', 'compute-node@POST@/write1mb')",16,frontend,compute-node,frontend@POST@/write1mb,compute-node@POST@/write1mb,us-east-1,us-east-1,92,92,1.0
"('frontend@POST@/write1mb', 'us-west-1', 'compute-node@POST@/write1mb')",16,frontend,compute-node,frontend@POST@/write1mb,compute-node@POST@/write1mb,us-west-1,us-west-1,173,173,1.0
"('frontend@POST@/write10kb', 'us-east-1', 'compute-node@POST@/write10kb')",16,frontend,compute-node,frontend@POST@/write10kb,compute-node@POST@/write10kb,us-east-1,us-east-1,90,90,1.0
"('frontend@POST@/write10kb', 'us-west-1', 'compute-node@POST@/write10kb')",16,frontend,compute-node,frontend@POST@/write10kb,compute-node@POST@/write10kb,us-west-1,us-west-1,205,205,1.0
"('SOURCE', 'XXXX', 'frontend@POST@/write1mb')",16,SOURCE,frontend,SOURCE,frontend@POST@/write1mb,XXXX,us-east-1,92,265,0.3471698113207547
"('SOURCE', 'XXXX', 'frontend@POST@/write1mb')",16,SOURCE,frontend,SOURCE,frontend@POST@/write1mb,XXXX,us-west-1,173,265,0.6528301886792452
"('SOURCE', 'XXXX', 'frontend@POST@/write10kb')",16,SOURCE,frontend,SOURCE,frontend@POST@/write10kb,XXXX,us-east-1,90,295,0.3050847457627119
"('SOURCE', 'XXXX', 'frontend@POST@/write10kb')",16,SOURCE,frontend,SOURCE,frontend@POST@/write10kb,XXXX,us-west-1,205,295,0.6949152542372882
"('frontend@POST@/write1mb', 'us-east-1', 'compute-node@POST@/write1mb')",17,frontend,compute-node,frontend@POST@/write1mb,compute-node@POST@/write1mb,us-east-1,us-east-1,91,91,1.0
"('frontend@POST@/write1mb', 'us-west-1', 'compute-node@POST@/write1mb')",17,frontend,compute-node,frontend@POST@/write1mb,compute-node@POST@/write1mb,us-west-1,us-west-1,205,205,1.0
"('frontend@POST@/write10kb', 'us-east-1', 'compute-node@POST@/write10kb')",17,frontend,compute-node,frontend@POST@/write10kb,compute-node@POST@/write10kb,us-east-1,us-east-1,101,101,1.0
"('frontend@POST@/write10kb', 'us-west-1', 'compute-node@POST@/write10kb')",17,frontend,compute-node,frontend@POST@/write10kb,compute-node@POST@/write10kb,us-west-1,us-west-1,223,223,1.0
"('SOURCE', 'XXXX', 'frontend@POST@/write1mb')",17,SOURCE,frontend,SOURCE,frontend@POST@/write1mb,XXXX,us-east-1,91,296,0.30743243243243246
"('SOURCE', 'XXXX', 'frontend@POST@/write1mb')",17,SOURCE,frontend,SOURCE,frontend@POST@/write1mb,XXXX,us-west-1,205,296,0.6925675675675675
"('SOURCE', 'XXXX', 'frontend@POST@/write10kb')",17,SOURCE,frontend,SOURCE,frontend@POST@/write10kb,XXXX,us-east-1,101,324,0.3117283950617284
"('SOURCE', 'XXXX', 'frontend@POST@/write10kb')",17,SOURCE,frontend,SOURCE,frontend@POST@/write10kb,XXXX,us-west-1,223,324,0.6882716049382716
"('frontend@POST@/write1mb', 'us-east-1', 'compute-node@POST@/write1mb')",18,frontend,compute-node,frontend@POST@/write1mb,compute-node@POST@/write1mb,us-east-1,us-east-1,101,101,1.0
"('frontend@POST@/write1mb', 'us-west-1', 'compute-node@POST@/write1mb')",18,frontend,compute-node,frontend@POST@/write1mb,compute-node@POST@/write1mb,us-west-1,us-west-1,222,222,1.0
"('frontend@POST@/write10kb', 'us-east-1', 'compute-node@POST@/write10kb')",18,frontend,compute-node,frontend@POST@/write10kb,compute-node@POST@/write10kb,us-east-1,us-east-1,101,101,1.0
"('frontend@POST@/write10kb', 'us-west-1', 'compute-node@POST@/write10kb')",18,frontend,compute-node,frontend@POST@/write10kb,compute-node@POST@/write10kb,us-west-1,us-west-1,185,185,1.0
"('SOURCE', 'XXXX', 'frontend@POST@/write1mb')",18,SOURCE,frontend,SOURCE,frontend@POST@/write1mb,XXXX,us-east-1,101,323,0.3126934984520124
"('SOURCE', 'XXXX', 'frontend@POST@/write1mb')",18,SOURCE,frontend,SOURCE,frontend@POST@/write1mb,XXXX,us-west-1,222,323,0.6873065015479877
"('SOURCE', 'XXXX', 'frontend@POST@/write10kb')",18,SOURCE,frontend,SOURCE,frontend@POST@/write10kb,XXXX,us-east-1,101,286,0.3531468531468531
"('SOURCE', 'XXXX', 'frontend@POST@/write10kb')",18,SOURCE,frontend,SOURCE,frontend@POST@/write10kb,XXXX,us-west-1,185,286,0.6468531468531469
"('frontend@POST@/write1mb', 'us-east-1', 'compute-node@POST@/write1mb')",19,frontend,compute-node,frontend@POST@/write1mb,compute-node@POST@/write1mb,us-east-1,us-east-1,101,101,1.0
"('frontend@POST@/write1mb', 'us-west-1', 'compute-node@POST@/write1mb')",19,frontend,compute-node,frontend@POST@/write1mb,compute-node@POST@/write1mb,us-west-1,us-west-1,185,185,1.0
"('frontend@POST@/write10kb', 'us-east-1', 'compute-node@POST@/write10kb')",19,frontend,compute-node,frontend@POST@/write10kb,compute-node@POST@/write10kb,us-east-1,us-east-1,89,89,1.0
"('frontend@POST@/write10kb', 'us-west-1', 'compute-node@POST@/write10kb')",19,frontend,compute-node,frontend@POST@/write10kb,compute-node@POST@/write10kb,us-west-1,us-west-1,185,185,1.0
"('SOURCE', 'XXXX', 'frontend@POST@/write1mb')",19,SOURCE,frontend,SOURCE,frontend@POST@/write1mb,XXXX,us-east-1,101,286,0.3531468531468531
"('SOURCE', 'XXXX', 'frontend@POST@/write1mb')",19,SOURCE,frontend,SOURCE,frontend@POST@/write1mb,XXXX,us-west-1,185,286,0.6468531468531469
"('SOURCE', 'XXXX', 'frontend@POST@/write10kb')",19,SOURCE,frontend,SOURCE,frontend@POST@/write10kb,XXXX,us-east-1,89,274,0.3248175182481752
"('SOURCE', 'XXXX', 'frontend@POST@/write10kb')",19,SOURCE,frontend,SOURCE,frontend@POST@/write10kb,XXXX,us-west-1,185,274,0.6751824817518248
"('frontend@POST@/write1mb', 'us-east-1', 'compute-node@POST@/write1mb')",20,frontend,compute-node,frontend@POST@/write1mb,compute-node@POST@/write1mb,us-east-1,us-east-1,90,90,1.0
"('frontend@POST@/write1mb', 'us-west-1', 'compute-node@POST@/write1mb')",20,frontend,compute-node,frontend@POST@/write1mb,compute-node@POST@/write1mb,us-west-1,us-west-1,186,186,1.0
"('frontend@POST@/write10kb', 'us-east-1', 'compute-node@POST@/write10kb')",20,frontend,compute-node,frontend@POST@/write10kb,compute-node@POST@/write10kb,us-east-1,us-east-1,107,107,1.0
"('frontend@POST@/write10kb', 'us-west-1', 'compute-node@POST@/write10kb')",20,frontend,compute-node,frontend@POST@/write10kb,compute-node@POST@/write10kb,us-west-1,us-west-1,195,195,1.0
"('SOURCE', 'XXXX', 'frontend@POST@/write1mb')",20,SOURCE,frontend,SOURCE,frontend@POST@/write1mb,XXXX,us-east-1,90,276,0.32608695652173914
"('SOURCE', 'XXXX', 'frontend@POST@/write1mb')",20,SOURCE,frontend,SOURCE,frontend@POST@/write1mb,XXXX,us-west-1,186,276,0.6739130434782609
"('SOURCE', 'XXXX', 'frontend@POST@/write10kb')",20,SOURCE,frontend,SOURCE,frontend@POST@/write10kb,XXXX,us-east-1,107,302,0.3543046357615894
"('SOURCE', 'XXXX', 'frontend@POST@/write10kb')",20,SOURCE,frontend,SOURCE,frontend@POST@/write10kb,XXXX,us-west-1,195,302,0.6456953642384106
"('frontend@POST@/write1mb', 'us-east-1', 'compute-node@POST@/write1mb')",21,frontend,compute-node,frontend@POST@/write1mb,compute-node@POST@/write1mb,us-east-1,us-east-1,107,107,1.0
"('frontend@POST@/write1mb', 'us-west-1', 'compute-node@POST@/write1mb')",21,frontend,compute-node,frontend@POST@/write1mb,compute-node@POST@/write1mb,us-west-1,us-west-1,196,196,1.0
"('frontend@POST@/write10kb', 'us-east-1', 'compute-node@POST@/write10kb')",21,frontend,compute-node,frontend@POST@/write10kb,compute-node@POST@/write10kb,us-east-1,us-east-1,103,103,1.0
"('frontend@POST@/write10kb', 'us-west-1', 'compute-node@POST@/write10kb')",21,frontend,compute-node,frontend@POST@/write10kb,compute-node@POST@/write10kb,us-west-1,us-west-1,207,207,1.0
"('SOURCE', 'XXXX', 'frontend@POST@/write1mb')",21,SOURCE,frontend,SOURCE,frontend@POST@/write1mb,XXXX,us-east-1,107,303,0.35313531353135313
"('SOURCE', 'XXXX', 'frontend@POST@/write1mb')",21,SOURCE,frontend,SOURCE,frontend@POST@/write1mb,XXXX,us-west-1,196,303,0.6468646864686468
"('SOURCE', 'XXXX', 'frontend@POST@/write10kb')",21,SOURCE,frontend,SOURCE,frontend@POST@/write10kb,XXXX,us-east-1,103,310,0.33225806451612905
"('SOURCE', 'XXXX', 'frontend@POST@/write10kb')",21,SOURCE,frontend,SOURCE,frontend@POST@/write10kb,XXXX,us-west-1,207,310,0.667741935483871
"('frontend@POST@/write1mb', 'us-east-1', 'compute-node@POST@/write1mb')",22,frontend,compute-node,frontend@POST@/write1mb,compute-node@POST@/write1mb,us-east-1,us-east-1,104,104,1.0
"('frontend@POST@/write1mb', 'us-west-1', 'compute-node@POST@/write1mb')",22,frontend,compute-node,frontend@POST@/write1mb,compute-node@POST@/write1mb,us-west-1,us-west-1,207,207,1.0
"('frontend@POST@/write10kb', 'us-east-1', 'compute-node@POST@/write10kb')",22,frontend,compute-node,frontend@POST@/write10kb,compute-node@POST@/write10kb,us-east-1,us-east-1,91,91,1.0
"('frontend@POST@/write10kb', 'us-west-1', 'compute-node@POST@/write10kb')",22,frontend,compute-node,frontend@POST@/write10kb,compute-node@POST@/write10kb,us-west-1,us-west-1,215,215,1.0
"('SOURCE', 'XXXX', 'frontend@POST@/write1mb')",22,SOURCE,frontend,SOURCE,frontend@POST@/write1mb,XXXX,us-east-1,104,311,0.33440514469453375
"('SOURCE', 'XXXX', 'frontend@POST@/write1mb')",22,SOURCE,frontend,SOURCE,frontend@POST@/write1mb,XXXX,us-west-1,207,311,0.6655948553054662
"('SOURCE', 'XXXX', 'frontend@POST@/write10kb')",22,SOURCE,frontend,SOURCE,frontend@POST@/write10kb,XXXX,us-east-1,91,306,0.2973856209150327
"('SOURCE', 'XXXX', 'frontend@POST@/write10kb')",22,SOURCE,frontend,SOURCE,frontend@POST@/write10kb,XXXX,us-west-1,215,306,0.7026143790849673
"('frontend@POST@/write1mb', 'us-east-1', 'compute-node@POST@/write1mb')",23,frontend,compute-node,frontend@POST@/write1mb,compute-node@POST@/write1mb,us-east-1,us-east-1,91,91,1.0
"('frontend@POST@/write1mb', 'us-west-1', 'compute-node@POST@/write1mb')",23,frontend,compute-node,frontend@POST@/write1mb,compute-node@POST@/write1mb,us-west-1,us-west-1,215,215,1.0
"('frontend@POST@/write10kb', 'us-east-1', 'compute-node@POST@/write10kb')",23,frontend,compute-node,frontend@POST@/write10kb,compute-node@POST@/write10kb,us-east-1,us-east-1,94,94,1.0
"('frontend@POST@/write10kb', 'us-west-1', 'compute-node@POST@/write10kb')",23,frontend,compute-node,frontend@POST@/write10kb,compute-node@POST@/write10kb,us-west-1,us-west-1,192,192,1.0
"('SOURCE', 'XXXX', 'frontend@POST@/write1mb')",23,SOURCE,frontend,SOURCE,frontend@POST@/write1mb,XXXX,us-east-1,91,306,0.2973856209150327
"('SOURCE', 'XXXX', 'frontend@POST@/write1mb')",23,SOURCE,frontend,SOURCE,frontend@POST@/write1mb,XXXX,us-west-1,215,306,0.7026143790849673
"('SOURCE', 'XXXX', 'frontend@POST@/write10kb')",23,SOURCE,frontend,SOURCE,frontend@POST@/write10kb,XXXX,us-east-1,94,286,0.32867132867132864
"('SOURCE', 'XXXX', 'frontend@POST@/write10kb')",23,SOURCE,frontend,SOURCE,frontend@POST@/write10kb,XXXX,us-west-1,192,286,0.6713286713286714
"('frontend@POST@/write1mb', 'us-east-1', 'compute-node@POST@/write1mb')",24,frontend,compute-node,frontend@POST@/write1mb,compute-node@POST@/write1mb,us-east-1,us-east-1,94,94,1.0
"('frontend@POST@/write1mb', 'us-west-1', 'compute-node@POST@/write1mb')",24,frontend,compute-node,frontend@POST@/write1mb,compute-node@POST@/write1mb,us-west-1,us-west-1,192,192,1.0
"('frontend@POST@/write10kb', 'us-east-1', 'compute-node@POST@/write10kb')",24,frontend,compute-node,frontend@POST@/write10kb,compute-node@POST@/write10kb,us-east-1,us-east-1,99,99,1.0
"('frontend@POST@/write10kb', 'us-west-1', 'compute-node@POST@/write10kb')",24,frontend,compute-node,frontend@POST@/write10kb,compute-node@POST@/write10kb,us-west-1,us-west-1,218,218,1.0
"('SOURCE', 'XXXX', 'frontend@POST@/write1mb')",24,SOURCE,frontend,SOURCE,frontend@POST@/write1mb,XXXX,us-east-1,94,286,0.32867132867132864
"('SOURCE', 'XXXX', 'frontend@POST@/write1mb')",24,SOURCE,frontend,SOURCE,frontend@POST@/write1mb,XXXX,us-west-1,192,286,0.6713286713286714
"('SOURCE', 'XXXX', 'frontend@POST@/write10kb')",24,SOURCE,frontend,SOURCE,frontend@POST@/write10kb,XXXX,us-east-1,99,317,0.31230283911671924
"('SOURCE', 'XXXX', 'frontend@POST@/write10kb')",24,SOURCE,frontend,SOURCE,frontend@POST@/write10kb,XXXX,us-west-1,218,317,0.6876971608832808
"('frontend@POST@/write1mb', 'us-east-1', 'compute-node@POST@/write1mb')",25,frontend,compute-node,frontend@POST@/write1mb,compute-node@POST@/write1mb,us-east-1,us-east-1,100,100,1.0
"('frontend@POST@/write1mb', 'us-west-1', 'compute-node@POST@/write1mb')",25,frontend,compute-node,frontend@POST@/write1mb,compute-node@POST@/write1mb,us-west-1,us-west-1,219,219,1.0
"('frontend@POST@/write10kb', 'us-east-1', 'compute-node@POST@/write10kb')",25,frontend,compute-node,frontend@POST@/write10kb,compute-node@POST@/write10kb,us-east-1,us-east-1,107,107,1.0
"('frontend@POST@/write10kb', 'us-west-1', 'compute-node@POST@/write10kb')",25,frontend,compute-node,frontend@POST@/write10kb,compute-node@POST@/write10kb,us-west-1,us-west-1,177,177,1.0
"('SOURCE', 'XXXX', 'frontend@POST@/write1mb')",25,SOURCE,frontend,SOURCE,frontend@POST@/write1mb,XXXX,us-east-1,100,319,0.31347962382445144
"('SOURCE', 'XXXX', 'frontend@POST@/write1mb')",25,SOURCE,frontend,SOURCE,frontend@POST@/write1mb,XXXX,us-west-1,219,319,0.6865203761755486
"('SOURCE', 'XXXX', 'frontend@POST@/write10kb')",25,SOURCE,frontend,SOURCE,frontend@POST@/write10kb,XXXX,us-east-1,107,284,0.3767605633802817
"('SOURCE', 'XXXX', 'frontend@POST@/write10kb')",25,SOURCE,frontend,SOURCE,frontend@POST@/write10kb,XXXX,us-west-1,177,284,0.6232394366197183
"('frontend@POST@/write1mb', 'us-east-1', 'compute-node@POST@/write1mb')",26,frontend,compute-node,frontend@POST@/write1mb,compute-node@POST@/write1mb,us-east-1,us-east-1,107,107,1.0
"('frontend@POST@/write1mb', 'us-west-1', 'compute-node@POST@/write1mb')",26,frontend,compute-node,frontend@POST@/write1mb,compute-node@POST@/write1mb,us-west-1,us-west-1,177,177,1.0
"('frontend@POST@/write10kb', 'us-east-1', 'compute-node@POST@/write10kb')",26,frontend,compute-node,frontend@POST@/write10kb,compute-node@POST@/write10kb,us-east-1,us-east-1,111,111,1.0
"('frontend@POST@/write10kb', 'us-west-1', 'compute-node@POST@/write10kb')",26,frontend,compute-node,frontend@POST@/write10kb,compute-node@POST@/write10kb,us-west-1,us-west-1,201,201,1.0
"('SOURCE', 'XXXX', 'frontend@POST@/write1mb')",26,SOURCE,frontend,SOURCE,frontend@POST@/write1mb,XXXX,us-east-1,107,284,0.3767605633802817
"('SOURCE', 'XXXX', 'frontend@POST@/write1mb')",26,SOURCE,frontend,SOURCE,frontend@POST@/write1mb,XXXX,us-west-1,177,284,0.6232394366197183
"('SOURCE', 'XXXX', 'frontend@POST@/write10kb')",26,SOURCE,frontend,SOURCE,frontend@POST@/write10kb,XXXX,us-east-1,111,312,0.3557692307692308
"('SOURCE', 'XXXX', 'frontend@POST@/write10kb')",26,SOURCE,frontend,SOURCE,frontend@POST@/write10kb,XXXX,us-west-1,201,312,0.6442307692307693
"('frontend@POST@/write1mb', 'us-east-1', 'compute-node@POST@/write1mb')",27,frontend,compute-node,frontend@POST@/write1mb,compute-node@POST@/write1mb,us-east-1,us-east-1,113,113,1.0
"('frontend@POST@/write1mb', 'us-west-1', 'compute-node@POST@/write1mb')",27,frontend,compute-node,frontend@POST@/write1mb,compute-node@POST@/write1mb,us-west-1,us-west-1,202,202,1.0
"('frontend@POST@/write10kb', 'us-east-1', 'compute-node@POST@/write10kb')",27,frontend,compute-node,frontend@POST@/write10kb,compute-node@POST@/write10kb,us-east-1,us-east-1,107,107,1.0
"('frontend@POST@/write10kb', 'us-west-1', 'compute-node@POST@/write10kb')",27,frontend,compute-node,frontend@POST@/write10kb,compute-node@POST@/write10kb,us-west-1,us-west-1,218,218,1.0
"('SOURCE', 'XXXX', 'frontend@POST@/write1mb')",27,SOURCE,frontend,SOURCE,frontend@POST@/write1mb,XXXX,us-east-1,113,315,0.35873015873015873
"('SOURCE', 'XXXX', 'frontend@POST@/write1mb')",27,SOURCE,frontend,SOURCE,frontend@POST@/write1mb,XXXX,us-west-1,202,315,0.6412698412698413
"('SOURCE', 'XXXX', 'frontend@POST@/write10kb')",27,SOURCE,frontend,SOURCE,frontend@POST@/write10kb,XXXX,us-east-1,107,325,0.3292307692307692
"('SOURCE', 'XXXX', 'frontend@POST@/write10kb')",27,SOURCE,frontend,SOURCE,frontend@POST@/write10kb,XXXX,us-west-1,218,325,0.6707692307692308
"('frontend@POST@/write1mb', 'us-east-1', 'compute-node@POST@/write1mb')",28,frontend,compute-node,frontend@POST@/write1mb,compute-node@POST@/write1mb,us-east-1,us-east-1,107,107,1.0
"('frontend@POST@/write1mb', 'us-west-1', 'compute-node@POST@/write1mb')",28,frontend,compute-node,frontend@POST@/write1mb,compute-node@POST@/write1mb,us-west-1,us-west-1,219,219,1.0
"('frontend@POST@/write10kb', 'us-east-1', 'compute-node@POST@/write10kb')",28,frontend,compute-node,frontend@POST@/write10kb,compute-node@POST@/write10kb,us-east-1,us-east-1,97,97,1.0
"('frontend@POST@/write10kb', 'us-west-1', 'compute-node@POST@/write10kb')",28,frontend,compute-node,frontend@POST@/write10kb,compute-node@POST@/write10kb,us-west-1,us-west-1,213,213,1.0
"('SOURCE', 'XXXX', 'frontend@POST@/write1mb')",28,SOURCE,frontend,SOURCE,frontend@POST@/write1mb,XXXX,us-east-1,107,326,0.3282208588957055
"('SOURCE', 'XXXX', 'frontend@POST@/write1mb')",28,SOURCE,frontend,SOURCE,frontend@POST@/write1mb,XXXX,us-west-1,219,326,0.6717791411042945
"('SOURCE', 'XXXX', 'frontend@POST@/write10kb')",28,SOURCE,frontend,SOURCE,frontend@POST@/write10kb,XXXX,us-east-1,97,310,0.31290322580645163
"('SOURCE', 'XXXX', 'frontend@POST@/write10kb')",28,SOURCE,frontend,SOURCE,frontend@POST@/write10kb,XXXX,us-west-1,213,310,0.6870967741935484
"('frontend@POST@/write1mb', 'us-east-1', 'compute-node@POST@/write1mb')",29,frontend,compute-node,frontend@POST@/write1mb,compute-node@POST@/write1mb,us-east-1,us-east-1,98,98,1.0
"('frontend@POST@/write1mb', 'us-west-1', 'compute-node@POST@/write1mb')",29,frontend,compute-node,frontend@POST@/write1mb,compute-node@POST@/write1mb,us-west-1,us-west-1,213,213,1.0
"('frontend@POST@/write10kb', 'us-east-1', 'compute-node@POST@/write10kb')",29,frontend,compute-node,frontend@POST@/write10kb,compute-node@POST@/write10kb,us-east-1,us-east-1,99,99,1.0
"('frontend@POST@/write10kb', 'us-west-1', 'compute-node@POST@/write10kb')",29,frontend,compute-node,frontend@POST@/write10kb,compute-node@POST@/write10kb,us-west-1,us-west-1,183,183,1.0
"('SOURCE', 'XXXX', 'frontend@POST@/write1mb')",29,SOURCE,frontend,SOURCE,frontend@POST@/write1mb,XXXX,us-east-1,98,311,0.31511254019292606
"('SOURCE', 'XXXX', 'frontend@POST@/write1mb')",29,SOURCE,frontend,SOURCE,frontend@POST@/write1mb,XXXX,us-west-1,213,311,0.684887459807074
"('SOURCE', 'XXXX', 'frontend@POST@/write10kb')",29,SOURCE,frontend,SOURCE,frontend@POST@/write10kb,XXXX,us-east-1,99,282,0.35106382978723405
"('SOURCE', 'XXXX', 'frontend@POST@/write10kb')",29,SOURCE,frontend,SOURCE,frontend@POST@/write10kb,XXXX,us-west-1,183,282,0.648936170212766
"('frontend@POST@/write1mb', 'us-east-1', 'compute-node@POST@/write1mb')",30,frontend,compute-node,frontend@POST@/write1mb,compute-node@POST@/write1mb,us-east-1,us-east-1,99,99,1.0
"('frontend@POST@/write1mb', 'us-west-1', 'compute-node@POST@/write1mb')",30,frontend,compute-node,frontend@POST@/write1mb,compute-node@POST@/write1mb,us-west-1,us-west-1,182,182,1.0
"('frontend@POST@/write10kb', 'us-east-1', 'compute-node@POST@/write10kb')",30,frontend,compute-node,frontend@POST@/write10kb,compute-node@POST@/write10kb,us-east-1,us-east-1,91,91,1.0
"('frontend@POST@/write10kb', 'us-west-1', 'compute-node@POST@/write10kb')",30,frontend,compute-node,frontend@POST@/write10kb,compute-node@POST@/write10kb,us-west-1,us-west-1,194,194,1.0
"('SOURCE', 'XXXX', 'frontend@POST@/write1mb')",30,SOURCE,frontend,SOURCE,frontend@POST@/write1mb,XXXX,us-east-1,99,281,0.35231316725978645
"('SOURCE', 'XXXX', 'frontend@POST@/write1mb')",30,SOURCE,frontend,SOURCE,frontend@POST@/write1mb,XXXX,us-west-1,182,281,0.6476868327402135
"('SOURCE', 'XXXX', 'frontend@POST@/write10kb')",30,SOURCE,frontend,SOURCE,frontend@POST@/write10kb,XXXX,us-east-1,91,285,0.3192982456140351
"('SOURCE', 'XXXX', 'frontend@POST@/write10kb')",30,SOURCE,frontend,SOURCE,frontend@POST@/write10kb,XXXX,us-west-1,194,285,0.6807017543859649
"('frontend@POST@/write1mb', 'us-east-1', 'compute-node@POST@/write1mb')",31,frontend,compute-node,frontend@POST@/write1mb,compute-node@POST@/write1mb,us-east-1,us-east-1,91,91,1.0
"('frontend@POST@/write1mb', 'us-west-1', 'compute-node@POST@/write1mb')",31,frontend,compute-node,frontend@POST@/write1mb,compute-node@POST@/write1mb,us-west-1,us-west-1,194,194,1.0
"('frontend@POST@/write10kb', 'us-east-1', 'compute-node@POST@/write10kb')",31,frontend,compute-node,frontend@POST@/write10kb,compute-node@POST@/write10kb,us-east-1,us-east-1,98,98,1.0
"('frontend@POST@/write10kb', 'us-west-1', 'compute-node@POST@/write10kb')",31,frontend,compute-node,frontend@POST@/write10kb,compute-node@POST@/write10kb,us-west-1,us-west-1,188,188,1.0
"('SOURCE', 'XXXX', 'frontend@POST@/write1mb')",31,SOURCE,frontend,SOURCE,frontend@POST@/write1mb,XXXX,us-east-1,91,285,0.3192982456140351
"('SOURCE', 'XXXX', 'frontend@POST@/write1mb')",31,SOURCE,frontend,SOURCE,frontend@POST@/write1mb,XXXX,us-west-1,194,285,0.6807017543859649
"('SOURCE', 'XXXX', 'frontend@POST@/write10kb')",31,SOURCE,frontend,SOURCE,frontend@POST@/write10kb,XXXX,us-east-1,98,286,0.34265734265734266
"('SOURCE', 'XXXX', 'frontend@POST@/write10kb')",31,SOURCE,frontend,SOURCE,frontend@POST@/write10kb,XXXX,us-west-1,188,286,0.6573426573426573
"('frontend@POST@/write1mb', 'us-east-1', 'compute-node@POST@/write1mb')",32,frontend,compute-node,frontend@POST@/write1mb,compute-node@POST@/write1mb,us-east-1,us-east-1,98,98,1.0
"('frontend@POST@/write1mb', 'us-west-1', 'compute-node@POST@/write1mb')",32,frontend,compute-node,frontend@POST@/write1mb,compute-node@POST@/write1mb,us-west-1,us-west-1,194,194,1.0
"('frontend@POST@/write10kb', 'us-east-1', 'compute-node@POST@/write10kb')",32,frontend,compute-node,frontend@POST@/write10kb,compute-node@POST@/write10kb,us-east-1,us-east-1,101,101,1.0
"('frontend@POST@/write10kb', 'us-west-1', 'compute-node@POST@/write10kb')",32,frontend,compute-node,frontend@POST@/write10kb,compute-node@POST@/write10kb,us-west-1,us-west-1,188,188,1.0
"('SOURCE', 'XXXX', 'frontend@POST@/write1mb')",32,SOURCE,frontend,SOURCE,frontend@POST@/write1mb,XXXX,us-east-1,98,292,0.3356164383561644
"('SOURCE', 'XXXX', 'frontend@POST@/write1mb')",32,SOURCE,frontend,SOURCE,frontend@POST@/write1mb,XXXX,us-west-1,194,292,0.6643835616438356
"('SOURCE', 'XXXX', 'frontend@POST@/write10kb')",32,SOURCE,frontend,SOURCE,frontend@POST@/write10kb,XXXX,us-east-1,101,289,0.3494809688581315
"('SOURCE', 'XXXX', 'frontend@POST@/write10kb')",32,SOURCE,frontend,SOURCE,frontend@POST@/write10kb,XXXX,us-west-1,188,289,0.6505190311418685
"('frontend@POST@/write1mb', 'us-east-1', 'compute-node@POST@/write1mb')",33,frontend,compute-node,frontend@POST@/write1mb,compute-node@POST@/write1mb,us-east-1,us-east-1,96,96,1.0
"('frontend@POST@/write1mb', 'us-west-1', 'compute-node@POST@/write1mb')",33,frontend,compute-node,frontend@POST@/write1mb,compute-node@POST@/write1mb,us-west-1,us-west-1,181,181,1.0
"('frontend@POST@/write10kb', 'us-east-1', 'compute-node@POST@/write10kb')",33,frontend,compute-node,frontend@POST@/write10kb,compute-node@POST@/write10kb,us-east-1,us-east-1,114,114,1.0
"('frontend@POST@/write10kb', 'us-west-1', 'compute-node@POST@/write10kb')",33,frontend,compute-node,frontend@POST@/write10kb,compute-node@POST@/write10kb,us-west-1,us-west-1,210,210,1.0
"('SOURCE', 'XXXX', 'frontend@POST@/write1mb')",33,SOURCE,frontend,SOURCE,frontend@POST@/write1mb,XXXX,us-east-1,96,277,0.34657039711191334
"('SOURCE', 'XXXX', 'frontend@POST@/write1mb')",33,SOURCE,frontend,SOURCE,frontend@POST@/write1mb,XXXX,us-west-1,181,277,0.6534296028880866
"('SOURCE', 'XXXX', 'frontend@POST@/write10kb')",33,SOURCE,frontend,SOURCE,frontend@POST@/write10kb,XXXX,us-east-1,114,324,0.35185185185185186
"('SOURCE', 'XXXX', 'frontend@POST@/write10kb')",33,SOURCE,frontend,SOURCE,frontend@POST@/write10kb,XXXX,us-west-1,210,324,0.6481481481481481
"('frontend@POST@/write1mb', 'us-east-1', 'compute-node@POST@/write1mb')",34,frontend,compute-node,frontend@POST@/write1mb,compute-node@POST@/write1mb,us-east-1,us-east-1,115,115,1.0
"('frontend@POST@/write1mb', 'us-west-1', 'compute-node@POST@/write1mb')",34,frontend,compute-node,frontend@POST@/write1mb,compute-node@POST@/write1mb,us-west-1,us-west-1,210,210,1.0
"('frontend@POST@/write10kb', 'us-east-1', 'compute-node@POST@/write10kb')",34,frontend,compute-node,frontend@POST@/write10kb,compute-node@POST@/write10kb,us-east-1,us-east-1,99,99,1.0
"('frontend@POST@/write10kb', 'us-west-1', 'compute-node@POST@/write10kb')",34,frontend,compute-node,frontend@POST@/write10kb,compute-node@POST@/write10kb,us-west-1,us-west-1,183,183,1.0
"('SOURCE', 'XXXX', 'frontend@POST@/write1mb')",34,SOURCE,frontend,SOURCE,frontend@POST@/write1mb,XXXX,us-east-1,115,325,0.35384615384615387
"('SOURCE', 'XXXX', 'frontend@POST@/write1mb')",34,SOURCE,frontend,SOURCE,frontend@POST@/write1mb,XXXX,us-west-1,210,325,0.6461538461538462
"('SOURCE', 'XXXX', 'frontend@POST@/write10kb')",34,SOURCE,frontend,SOURCE,frontend@POST@/write10kb,XXXX,us-east-1,99,282,0.35106382978723405
"('SOURCE', 'XXXX', 'frontend@POST@/write10kb')",34,SOURCE,frontend,SOURCE,frontend@POST@/write10kb,XXXX,us-west-1,183,282,0.648936170212766
"('frontend@POST@/write1mb', 'us-east-1', 'compute-node@POST@/write1mb')",35,frontend,compute-node,frontend@POST@/write1mb,compute-node@POST@/write1mb,us-east-1,us-east-1,99,99,1.0
"('frontend@POST@/write1mb', 'us-west-1', 'compute-node@POST@/write1mb')",35,frontend,compute-node,frontend@POST@/write1mb,compute-node@POST@/write1mb,us-west-1,us-west-1,183,183,1.0
"('frontend@POST@/write10kb', 'us-east-1', 'compute-node@POST@/write10kb')",35,frontend,compute-node,frontend@POST@/write10kb,compute-node@POST@/write10kb,us-east-1,us-east-1,81,81,1.0
"('frontend@POST@/write10kb', 'us-west-1', 'compute-node@POST@/write10kb')",35,frontend,compute-node,frontend@POST@/write10kb,compute-node@POST@/write10kb,us-west-1,us-west-1,211,211,1.0
"('SOURCE', 'XXXX', 'frontend@POST@/write1mb')",35,SOURCE,frontend,SOURCE,frontend@POST@/write1mb,XXXX,us-east-1,99,282,0.35106382978723405
"('SOURCE', 'XXXX', 'frontend@POST@/write1mb')",35,SOURCE,frontend,SOURCE,frontend@POST@/write1mb,XXXX,us-west-1,183,282,0.648936170212766
"('SOURCE', 'XXXX', 'frontend@POST@/write10kb')",35,SOURCE,frontend,SOURCE,frontend@POST@/write10kb,XXXX,us-east-1,81,292,0.2773972602739726
"('SOURCE', 'XXXX', 'frontend@POST@/write10kb')",35,SOURCE,frontend,SOURCE,frontend@POST@/write10kb,XXXX,us-west-1,211,292,0.7226027397260274
"('frontend@POST@/write1mb', 'us-east-1', 'compute-node@POST@/write1mb')",36,frontend,compute-node,frontend@POST@/write1mb,compute-node@POST@/write1mb,us-east-1,us-east-1,81,81,1.0
"('frontend@POST@/write1mb', 'us-west-1', 'compute-node@POST@/write1mb')",36,frontend,compute-node,frontend@POST@/write1mb,compute-node@POST@/write1mb,us-west-1,us-west-1,212,212,1.0
"('frontend@POST@/write10kb', 'us-east-1', 'compute-node@POST@/write10kb')",36,frontend,compute-node,frontend@POST@/write10kb,compute-node@POST@/write10kb,us-east-1,us-east-1,92,92,1.0
"('frontend@POST@/write10kb', 'us-west-1', 'compute-node@POST@/write10kb')",36,frontend,compute-node,frontend@POST@/write10kb,compute-node@POST@/write10kb,us-west-1,us-west-1,206,206,1.0
"('SOURCE', 'XXXX', 'frontend@POST@/write1mb')",36,SOURCE,frontend,SOURCE,frontend@POST@/write1mb,XXXX,us-east-1,81,293,0.2764505119453925
"('SOURCE', 'XXXX', 'frontend@POST@/write1mb')",36,SOURCE,frontend,SOURCE,frontend@POST@/write1mb,XXXX,us-west-1,212,293,0.7235494880546075
"('SOURCE', 'XXXX', 'frontend@POST@/write10kb')",36,SOURCE,frontend,SOURCE,frontend@POST@/write10kb,XXXX,us-east-1,92,298,0.3087248322147651
"('SOURCE', 'XXXX', 'frontend@POST@/write10kb')",36,SOURCE,frontend,SOURCE,frontend@POST@/write10kb,XXXX,us-west-1,206,298,0.6912751677852349
"('frontend@POST@/write1mb', 'us-east-1', 'compute-node@POST@/write1mb')",37,frontend,compute-node,frontend@POST@/write1mb,compute-node@POST@/write1mb,us-east-1,us-east-1,92,92,1.0
"('frontend@POST@/write1mb', 'us-west-1', 'compute-node@POST@/write1mb')",37,frontend,compute-node,frontend@POST@/write1mb,compute-node@POST@/write1mb,us-west-1,us-west-1,206,206,1.0
"('frontend@POST@/write10kb', 'us-east-1', 'compute-node@POST@/write10kb')",37,frontend,compute-node,frontend@POST@/write10kb,compute-node@POST@/write10kb,us-east-1,us-east-1,104,104,1.0
"('frontend@POST@/write10kb', 'us-west-1', 'compute-node@POST@/write10kb')",37,frontend,compute-node,frontend@POST@/write10kb,compute-node@POST@/write10kb,us-west-1,us-west-1,205,205,1.0
"('SOURCE', 'XXXX', 'frontend@POST@/write1mb')",37,SOURCE,frontend,SOURCE,frontend@POST@/write1mb,XXXX,us-east-1,92,298,0.3087248322147651
"('SOURCE', 'XXXX', 'frontend@POST@/write1mb')",37,SOURCE,frontend,SOURCE,frontend@POST@/write1mb,XXXX,us-west-1,206,298,0.6912751677852349
"('SOURCE', 'XXXX', 'frontend@POST@/write10kb')",37,SOURCE,frontend,SOURCE,frontend@POST@/write10kb,XXXX,us-east-1,104,309,0.3365695792880259
"('SOURCE', 'XXXX', 'frontend@POST@/write10kb')",37,SOURCE,frontend,SOURCE,frontend@POST@/write10kb,XXXX,us-west-1,205,309,0.6634304207119741
"('frontend@POST@/write1mb', 'us-east-1', 'compute-node@POST@/write1mb')",38,frontend,compute-node,frontend@POST@/write1mb,compute-node@POST@/write1mb,us-east-1,us-east-1,105,105,1.0
"('frontend@POST@/write1mb', 'us-west-1', 'compute-node@POST@/write1mb')",38,frontend,compute-node,frontend@POST@/write1mb,compute-node@POST@/write1mb,us-west-1,us-west-1,206,206,1.0
"('frontend@POST@/write10kb', 'us-east-1', 'compute-node@POST@/write10kb')",38,frontend,compute-node,frontend@POST@/write10kb,compute-node@POST@/write10kb,us-east-1,us-east-1,102,102,1.0
"('frontend@POST@/write10kb', 'us-west-1', 'compute-node@POST@/write10kb')",38,frontend,compute-node,frontend@POST@/write10kb,compute-node@POST@/write10kb,us-west-1,us-west-1,221,221,1.0
"('SOURCE', 'XXXX', 'frontend@POST@/write1mb')",38,SOURCE,frontend,SOURCE,frontend@POST@/write1mb,XXXX,us-east-1,105,311,0.33762057877813506
"('SOURCE', 'XXXX', 'frontend@POST@/write1mb')",38,SOURCE,frontend,SOURCE,frontend@POST@/write1mb,XXXX,us-west-1,206,311,0.662379421221865
"('SOURCE', 'XXXX', 'frontend@POST@/write10kb')",38,SOURCE,frontend,SOURCE,frontend@POST@/write10kb,XXXX,us-east-1,102,323,0.3157894736842105
"('SOURCE', 'XXXX', 'frontend@POST@/write10kb')",38,SOURCE,frontend,SOURCE,frontend@POST@/write10kb,XXXX,us-west-1,221,323,0.6842105263157895
"('frontend@POST@/write1mb', 'us-east-1', 'compute-node@POST@/write1mb')",39,frontend,compute-node,frontend@POST@/write1mb,compute-node@POST@/write1mb,us-east-1,us-east-1,100,100,1.0
"('frontend@POST@/write1mb', 'us-west-1', 'compute-node@POST@/write1mb')",39,frontend,compute-node,frontend@POST@/write1mb,compute-node@POST@/write1mb,us-west-1,us-west-1,221,221,1.0
"('frontend@POST@/write10kb', 'us-east-1', 'compute-node@POST@/write10kb')",39,frontend,compute-node,frontend@POST@/write10kb,compute-node@POST@/write10kb,us-east-1,us-east-1,111,111,1.0
"('frontend@POST@/write10kb', 'us-west-1', 'compute-node@POST@/write10kb')",39,frontend,compute-node,frontend@POST@/write10kb,compute-node@POST@/write10kb,us-west-1,us-west-1,190,190,1.0
"('SOURCE', 'XXXX', 'frontend@POST@/write1mb')",39,SOURCE,frontend,SOURCE,frontend@POST@/write1mb,XXXX,us-east-1,100,321,0.3115264797507788
"('SOURCE', 'XXXX', 'frontend@POST@/write1mb')",39,SOURCE,frontend,SOURCE,frontend@POST@/write1mb,XXXX,us-west-1,221,321,0.6884735202492211
"('SOURCE', 'XXXX', 'frontend@POST@/write10kb')",39,SOURCE,frontend,SOURCE,frontend@POST@/write10kb,XXXX,us-east-1,111,301,0.3687707641196013
"('SOURCE', 'XXXX', 'frontend@POST@/write10kb')",39,SOURCE,frontend,SOURCE,frontend@POST@/write10kb,XXXX,us-west-1,190,301,0.6312292358803987
"('frontend@POST@/write1mb', 'us-east-1', 'compute-node@POST@/write1mb')",40,frontend,compute-node,frontend@POST@/write1mb,compute-node@POST@/write1mb,us-east-1,us-east-1,110,110,1.0
"('frontend@POST@/write1mb', 'us-west-1', 'compute-node@POST@/write1mb')",40,frontend,compute-node,frontend@POST@/write1mb,compute-node@POST@/write1mb,us-west-1,us-west-1,190,190,1.0
"('frontend@POST@/write10kb', 'us-east-1', 'compute-node@POST@/write10kb')",40,frontend,compute-node,frontend@POST@/write10kb,compute-node@POST@/write10kb,us-east-1,us-east-1,95,95,1.0
"('frontend@POST@/write10kb', 'us-west-1', 'compute-node@POST@/write10kb')",40,frontend,compute-node,frontend@POST@/write10kb,compute-node@POST@/write10kb,us-west-1,us-west-1,201,201,1.0
"('SOURCE', 'XXXX', 'frontend@POST@/write1mb')",40,SOURCE,frontend,SOURCE,frontend@POST@/write1mb,XXXX,us-east-1,110,300,0.36666666666666664
"('SOURCE', 'XXXX', 'frontend@POST@/write1mb')",40,SOURCE,frontend,SOURCE,frontend@POST@/write1mb,XXXX,us-west-1,190,300,0.6333333333333333
"('SOURCE', 'XXXX', 'frontend@POST@/write10kb')",40,SOURCE,frontend,SOURCE,frontend@POST@/write10kb,XXXX,us-east-1,95,296,0.32094594594594594
"('SOURCE', 'XXXX', 'frontend@POST@/write10kb')",40,SOURCE,frontend,SOURCE,frontend@POST@/write10kb,XXXX,us-west-1,201,296,0.6790540540540541
"('frontend@POST@/write1mb', 'us-east-1', 'compute-node@POST@/write1mb')",41,frontend,compute-node,frontend@POST@/write1mb,compute-node@POST@/write1mb,us-east-1,us-east-1,95,95,1.0
"('frontend@POST@/write1mb', 'us-west-1', 'compute-node@POST@/write1mb')",41,frontend,compute-node,frontend@POST@/write1mb,compute-node@POST@/write1mb,us-west-1,us-west-1,201,201,1.0
"('frontend@POST@/write10kb', 'us-east-1', 'compute-node@POST@/write10kb')",41,frontend,compute-node,frontend@POST@/write10kb,compute-node@POST@/write10kb,us-east-1,us-east-1,99,99,1.0
"('frontend@POST@/write10kb', 'us-west-1', 'compute-node@POST@/write10kb')",41,frontend,compute-node,frontend@POST@/write10kb,compute-node@POST@/write10kb,us-west-1,us-west-1,205,205,1.0
"('SOURCE', 'XXXX', 'frontend@POST@/write1mb')",41,SOURCE,frontend,SOURCE,frontend@POST@/write1mb,XXXX,us-east-1,95,296,0.32094594594594594
"('SOURCE', 'XXXX', 'frontend@POST@/write1mb')",41,SOURCE,frontend,SOURCE,frontend@POST@/write1mb,XXXX,us-west-1,201,296,0.6790540540540541
"('SOURCE', 'XXXX', 'frontend@POST@/write10kb')",41,SOURCE,frontend,SOURCE,frontend@POST@/write10kb,XXXX,us-east-1,99,304,0.3256578947368421
"('SOURCE', 'XXXX', 'frontend@POST@/write10kb')",41,SOURCE,frontend,SOURCE,frontend@POST@/write10kb,XXXX,us-west-1,205,304,0.6743421052631579
"('frontend@POST@/write1mb', 'us-east-1', 'compute-node@POST@/write1mb')",42,frontend,compute-node,frontend@POST@/write1mb,compute-node@POST@/write1mb,us-east-1,us-east-1,99,99,1.0
"('frontend@POST@/write1mb', 'us-west-1', 'compute-node@POST@/write1mb')",42,frontend,compute-node,frontend@POST@/write1mb,compute-node@POST@/write1mb,us-west-1,us-west-1,205,205,1.0
"('frontend@POST@/write10kb', 'us-east-1', 'compute-node@POST@/write10kb')",42,frontend,compute-node,frontend@POST@/write10kb,compute-node@POST@/write10kb,us-east-1,us-east-1,111,111,1.0
"('frontend@POST@/write10kb', 'us-west-1', 'compute-node@POST@/write10kb')",42,frontend,compute-node,frontend@POST@/write10kb,compute-node@POST@/write10kb,us-west-1,us-west-1,192,192,1.0
"('SOURCE', 'XXXX', 'frontend@POST@/write1mb')",42,SOURCE,frontend,SOURCE,frontend@POST@/write1mb,XXXX,us-east-1,99,304,0.3256578947368421
"('SOURCE', 'XXXX', 'frontend@POST@/write1mb')",42,SOURCE,frontend,SOURCE,frontend@POST@/write1mb,XXXX,us-west-1,205,304,0.6743421052631579
"('SOURCE', 'XXXX', 'frontend@POST@/write10kb')",42,SOURCE,frontend,SOURCE,frontend@POST@/write10kb,XXXX,us-east-1,111,303,0.36633663366336633
"('SOURCE', 'XXXX', 'frontend@POST@/write10kb')",42,SOURCE,frontend,SOURCE,frontend@POST@/write10kb,XXXX,us-west-1,192,303,0.6336633663366337
"('frontend@POST@/write1mb', 'us-east-1', 'compute-node@POST@/write1mb')",43,frontend,compute-node,frontend@POST@/write1mb,compute-node@POST@/write1mb,us-east-1,us-east-1,110,110,1.0
"('frontend@POST@/write1mb', 'us-west-1', 'compute-node@POST@/write1mb')",43,frontend,compute-node,frontend@POST@/write1mb,compute-node@POST@/write1mb,us-west-1,us-west-1,194,194,1.0
"('frontend@POST@/write10kb', 'us-east-1', 'compute-node@POST@/write10kb')",43,frontend,compute-node,frontend@POST@/write10kb,compute-node@POST@/write10kb,us-east-1,us-east-1,109,109,1.0
"('frontend@POST@/write10kb', 'us-west-1', 'compute-node@POST@/write10kb')",43,frontend,compute-node,frontend@POST@/write10kb,compute-node@POST@/write10kb,us-west-1,us-west-1,218,218,1.0
"('SOURCE', 'XXXX', 'frontend@POST@/write1mb')",43,SOURCE,frontend,SOURCE,frontend@POST@/write1mb,XXXX,us-east-1,110,304,0.3618421052631579
"('SOURCE', 'XXXX', 'frontend@POST@/write1mb')",43,SOURCE,frontend,SOURCE,frontend@POST@/write1mb,XXXX,us-west-1,194,304,0.6381578947368421
"('SOURCE', 'XXXX', 'frontend@POST@/write10kb')",43,SOURCE,frontend,SOURCE,frontend@POST@/write10kb,XXXX,us-east-1,109,327,0.3333333333333333
"('SOURCE', 'XXXX', 'frontend@POST@/write10kb')",43,SOURCE,frontend,SOURCE,frontend@POST@/write10kb,XXXX,us-west-1,218,327,0.6666666666666666
"('frontend@POST@/write1mb', 'us-east-1', 'compute-node@POST@/write1mb')",44,frontend,compute-node,frontend@POST@/write1mb,compute-node@POST@/write1mb,us-east-1,us-east-1,109,109,1.0
"('frontend@POST@/write1mb', 'us-west-1', 'compute-node@POST@/write1mb')",44,frontend,compute-node,frontend@POST@/write1mb,compute-node@POST@/write1mb,us-west-1,us-west-1,218,218,1.0
"('frontend@POST@/write10kb', 'us-east-1', 'compute-node@POST@/write10kb')",44,frontend,compute-node,frontend@POST@/write10kb,compute-node@POST@/write10kb,us-east-1,us-east-1,94,94,1.0
"('frontend@POST@/write10kb', 'us-west-1', 'compute-node@POST@/write10kb')",44,frontend,compute-node,frontend@POST@/write10kb,compute-node@POST@/write10kb,us-west-1,us-west-1,199,199,1.0
"('SOURCE', 'XXXX', 'frontend@POST@/write1mb')",44,SOURCE,frontend,SOURCE,frontend@POST@/write1mb,XXXX,us-east-1,109,327,0.3333333333333333
"('SOURCE', 'XXXX', 'frontend@POST@/write1mb')",44,SOURCE,frontend,SOURCE,frontend@POST@/write1mb,XXXX,us-west-1,218,327,0.6666666666666666
"('SOURCE', 'XXXX', 'frontend@POST@/write10kb')",44,SOURCE,frontend,SOURCE,frontend@POST@/write10kb,XXXX,us-east-1,94,293,0.32081911262798635
"('SOURCE', 'XXXX', 'frontend@POST@/write10kb')",44,SOURCE,frontend,SOURCE,frontend@POST@/write10kb,XXXX,us-west-1,199,293,0.6791808873720137
"('frontend@POST@/write1mb', 'us-east-1', 'compute-node@POST@/write1mb')",45,frontend,compute-node,frontend@POST@/write1mb,compute-node@POST@/write1mb,us-east-1,us-east-1,95,95,1.0
"('frontend@POST@/write1mb', 'us-west-1', 'compute-node@POST@/write1mb')",45,frontend,compute-node,frontend@POST@/write1mb,compute-node@POST@/write1mb,us-west-1,us-west-1,200,200,1.0
"('frontend@POST@/write10kb', 'us-east-1', 'compute-node@POST@/write10kb')",45,frontend,compute-node,frontend@POST@/write10kb,compute-node@POST@/write10kb,us-east-1,us-east-1,97,97,1.0
"('frontend@POST@/write10kb', 'us-west-1', 'compute-node@POST@/write10kb')",45,frontend,compute-node,frontend@POST@/write10kb,compute-node@POST@/write10kb,us-west-1,us-west-1,191,191,1.0
"('SOURCE', 'XXXX', 'frontend@POST@/write1mb')",45,SOURCE,frontend,SOURCE,frontend@POST@/write1mb,XXXX,us-east-1,95,295,0.3220338983050847
"('SOURCE', 'XXXX', 'frontend@POST@/write1mb')",45,SOURCE,frontend,SOURCE,frontend@POST@/write1mb,XXXX,us-west-1,200,295,0.6779661016949152
"('SOURCE', 'XXXX', 'frontend@POST@/write10kb')",45,SOURCE,frontend,SOURCE,frontend@POST@/write10kb,XXXX,us-east-1,97,288,0.3368055555555556
"('SOURCE', 'XXXX', 'frontend@POST@/write10kb')",45,SOURCE,frontend,SOURCE,frontend@POST@/write10kb,XXXX,us-west-1,191,288,0.6631944444444444
"('frontend@POST@/write1mb', 'us-east-1', 'compute-node@POST@/write1mb')",46,frontend,compute-node,frontend@POST@/write1mb,compute-node@POST@/write1mb,us-east-1,us-east-1,97,97,1.0
"('frontend@POST@/write1mb', 'us-west-1', 'compute-node@POST@/write1mb')",46,frontend,compute-node,frontend@POST@/write1mb,compute-node@POST@/write1mb,us-west-1,us-west-1,192,192,1.0
"('frontend@POST@/write10kb', 'us-east-1', 'compute-node@POST@/write10kb')",46,frontend,compute-node,frontend@POST@/write10kb,compute-node@POST@/write10kb,us-east-1,us-east-1,102,102,1.0
"('frontend@POST@/write10kb', 'us-west-1', 'compute-node@POST@/write10kb')",46,frontend,compute-node,frontend@POST@/write10kb,compute-node@POST@/write10kb,us-west-1,us-west-1,196,196,1.0
"('SOURCE', 'XXXX', 'frontend@POST@/write1mb')",46,SOURCE,frontend,SOURCE,frontend@POST@/write1mb,XXXX,us-east-1,97,289,0.3356401384083045
"('SOURCE', 'XXXX', 'frontend@POST@/write1mb')",46,SOURCE,frontend,SOURCE,frontend@POST@/write1mb,XXXX,us-west-1,192,289,0.6643598615916955
"('SOURCE', 'XXXX', 'frontend@POST@/write10kb')",46,SOURCE,frontend,SOURCE,frontend@POST@/write10kb,XXXX,us-east-1,102,298,0.3422818791946309
"('SOURCE', 'XXXX', 'frontend@POST@/write10kb')",46,SOURCE,frontend,SOURCE,frontend@POST@/write10kb,XXXX,us-west-1,196,298,0.6577181208053692
"('frontend@POST@/write1mb', 'us-east-1', 'compute-node@POST@/write1mb')",47,frontend,compute-node,frontend@POST@/write1mb,compute-node@POST@/write1mb,us-east-1,us-east-1,102,102,1.0
"('frontend@POST@/write1mb', 'us-west-1', 'compute-node@POST@/write1mb')",47,frontend,compute-node,frontend@POST@/write1mb,compute-node@POST@/write1mb,us-west-1,us-west-1,197,197,1.0
"('frontend@POST@/write10kb', 'us-east-1', 'compute-node@POST@/write10kb')",47,frontend,compute-node,frontend@POST@/write10kb,compute-node@POST@/write10kb,us-east-1,us-east-1,88,88,1.0
"('frontend@POST@/write10kb', 'us-west-1', 'compute-node@POST@/write10kb')",47,frontend,compute-node,frontend@POST@/write10kb,compute-node@POST@/write10kb,us-west-1,us-west-1,213,213,1.0
"('SOURCE', 'XXXX', 'frontend@POST@/write1mb')",47,SOURCE,frontend,SOURCE,frontend@POST@/write1mb,XXXX,us-east-1,102,299,0.3411371237458194
"('SOURCE', 'XXXX', 'frontend@POST@/write1mb')",47,SOURCE,frontend,SOURCE,frontend@POST@/write1mb,XXXX,us-west-1,197,299,0.6588628762541806
"('SOURCE', 'XXXX', 'frontend@POST@/write10kb')",47,SOURCE,frontend,SOURCE,frontend@POST@/write10kb,XXXX,us-east-1,88,301,0.292358803986711
"('SOURCE', 'XXXX', 'frontend@POST@/write10kb')",47,SOURCE,frontend,SOURCE,frontend@POST@/write10kb,XXXX,us-west-1,213,301,0.707641196013289
"('frontend@POST@/write1mb', 'us-east-1', 'compute-node@POST@/write1mb')",48,frontend,compute-node,frontend@POST@/write1mb,compute-node@POST@/write1mb,us-east-1,us-east-1,90,90,1.0
"('frontend@POST@/write1mb', 'us-west-1', 'compute-node@POST@/write1mb')",48,frontend,compute-node,frontend@POST@/write1mb,compute-node@POST@/write1mb,us-west-1,us-west-1,214,214,1.0
"('frontend@POST@/write10kb', 'us-east-1', 'compute-node@POST@/write10kb')",48,frontend,compute-node,frontend@POST@/write10kb,compute-node@POST@/write10kb,us-east-1,us-east-1,113,113,1.0
"('frontend@POST@/write10kb', 'us-west-1', 'compute-node@POST@/write10kb')",48,frontend,compute-node,frontend@POST@/write10kb,compute-node@POST@/write10kb,us-west-1,us-west-1,182,182,1.0
"('SOURCE', 'XXXX', 'frontend@POST@/write1mb')",48,SOURCE,frontend,SOURCE,frontend@POST@/write1mb,XXXX,us-east-1,90,304,0.29605263157894735
"('SOURCE', 'XXXX', 'frontend@POST@/write1mb')",48,SOURCE,frontend,SOURCE,frontend@POST@/write1mb,XXXX,us-west-1,214,304,0.7039473684210527
"('SOURCE', 'XXXX', 'frontend@POST@/write10kb')",48,SOURCE,frontend,SOURCE,frontend@POST@/write10kb,XXXX,us-east-1,113,295,0.38305084745762713
"('SOURCE', 'XXXX', 'frontend@POST@/write10kb')",48,SOURCE,frontend,SOURCE,frontend@POST@/write10kb,XXXX,us-west-1,182,295,0.6169491525423729
"('frontend@POST@/write1mb', 'us-east-1', 'compute-node@POST@/write1mb')",49,frontend,compute-node,frontend@POST@/write1mb,compute-node@POST@/write1mb,us-east-1,us-east-1,113,113,1.0
"('frontend@POST@/write1mb', 'us-west-1', 'compute-node@POST@/write1mb')",49,frontend,compute-node,frontend@POST@/write1mb,compute-node@POST@/write1mb,us-west-1,us-west-1,181,181,1.0
"('frontend@POST@/write10kb', 'us-east-1', 'compute-node@POST@/write10kb')",49,frontend,compute-node,frontend@POST@/write10kb,compute-node@POST@/write10kb,us-east-1,us-east-1,106,106,1.0
"('frontend@POST@/write10kb', 'us-west-1', 'compute-node@POST@/write10kb')",49,frontend,compute-node,frontend@POST@/write10kb,compute-node@POST@/write10kb,us-west-1,us-west-1,165,165,1.0
"('SOURCE', 'XXXX', 'frontend@POST@/write1mb')",49,SOURCE,frontend,SOURCE,frontend@POST@/write1mb,XXXX,us-east-1,113,294,0.3843537414965986
"('SOURCE', 'XXXX', 'frontend@POST@/write1mb')",49,SOURCE,frontend,SOURCE,frontend@POST@/write1mb,XXXX,us-west-1,181,294,0.6156462585034014
"('SOURCE', 'XXXX', 'frontend@POST@/write10kb')",49,SOURCE,frontend,SOURCE,frontend@POST@/write10kb,XXXX,us-east-1,106,271,0.39114391143911437
"('SOURCE', 'XXXX', 'frontend@POST@/write10kb')",49,SOURCE,frontend,SOURCE,frontend@POST@/write10kb,XXXX,us-west-1,165,271,0.6088560885608856
"('frontend@POST@/write1mb', 'us-east-1', 'compute-node@POST@/write1mb')",50,frontend,compute-node,frontend@POST@/write1mb,compute-node@POST@/write1mb,us-east-1,us-east-1,106,106,1.0
"('frontend@POST@/write1mb', 'us-west-1', 'compute-node@POST@/write1mb')",50,frontend,compute-node,frontend@POST@/write1mb,compute-node@POST@/write1mb,us-west-1,us-west-1,164,164,1.0
"('frontend@POST@/write10kb', 'us-east-1', 'compute-node@POST@/write10kb')",50,frontend,compute-node,frontend@POST@/write10kb,compute-node@POST@/write10kb,us-east-1,us-east-1,103,103,1.0
"('frontend@POST@/write10kb', 'us-west-1', 'compute-node@POST@/write10kb')",50,frontend,compute-node,frontend@POST@/write10kb,compute-node@POST@/write10kb,us-west-1,us-west-1,185,185,1.0
"('SOURCE', 'XXXX', 'frontend@POST@/write1mb')",50,SOURCE,frontend,SOURCE,frontend@POST@/write1mb,XXXX,us-east-1,106,270,0.3925925925925926
"('SOURCE', 'XXXX', 'frontend@POST@/write1mb')",50,SOURCE,frontend,SOURCE,frontend@POST@/write1mb,XXXX,us-west-1,164,270,0.6074074074074074
"('SOURCE', 'XXXX', 'frontend@POST@/write10kb')",50,SOURCE,frontend,SOURCE,frontend@POST@/write10kb,XXXX,us-east-1,103,288,0.3576388888888889
"('SOURCE', 'XXXX', 'frontend@POST@/write10kb')",50,SOURCE,frontend,SOURCE,frontend@POST@/write10kb,XXXX,us-west-1,185,288,0.6423611111111112
"('frontend@POST@/write1mb', 'us-east-1', 'compute-node@POST@/write1mb')",51,frontend,compute-node,frontend@POST@/write1mb,compute-node@POST@/write1mb,us-east-1,us-east-1,103,103,1.0
"('frontend@POST@/write1mb', 'us-west-1', 'compute-node@POST@/write1mb')",51,frontend,compute-node,frontend@POST@/write1mb,compute-node@POST@/write1mb,us-west-1,us-west-1,185,185,1.0
"('frontend@POST@/write10kb', 'us-east-1', 'compute-node@POST@/write10kb')",51,frontend,compute-node,frontend@POST@/write10kb,compute-node@POST@/write10kb,us-east-1,us-east-1,84,84,1.0
"('frontend@POST@/write10kb', 'us-west-1', 'compute-node@POST@/write10kb')",51,frontend,compute-node,frontend@POST@/write10kb,compute-node@POST@/write10kb,us-west-1,us-west-1,198,198,1.0
"('SOURCE', 'XXXX', 'frontend@POST@/write1mb')",51,SOURCE,frontend,SOURCE,frontend@POST@/write1mb,XXXX,us-east-1,103,288,0.3576388888888889
"('SOURCE', 'XXXX', 'frontend@POST@/write1mb')",51,SOURCE,frontend,SOURCE,frontend@POST@/write1mb,XXXX,us-west-1,185,288,0.6423611111111112
"('SOURCE', 'XXXX', 'frontend@POST@/write10kb')",51,SOURCE,frontend,SOURCE,frontend@POST@/write10kb,XXXX,us-east-1,84,282,0.2978723404255319
"('SOURCE', 'XXXX', 'frontend@POST@/write10kb')",51,SOURCE,frontend,SOURCE,frontend@POST@/write10kb,XXXX,us-west-1,198,282,0.7021276595744681
"('frontend@POST@/write1mb', 'us-east-1', 'compute-node@POST@/write1mb')",52,frontend,compute-node,frontend@POST@/write1mb,compute-node@POST@/write1mb,us-east-1,us-east-1,84,84,1.0
"('frontend@POST@/write1mb', 'us-west-1', 'compute-node@POST@/write1mb')",52,frontend,compute-node,frontend@POST@/write1mb,compute-node@POST@/write1mb,us-west-1,us-west-1,201,201,1.0
"('frontend@POST@/write10kb', 'us-east-1', 'compute-node@POST@/write10kb')",52,frontend,compute-node,frontend@POST@/write10kb,compute-node@POST@/write10kb,us-east-1,us-east-1,103,103,1.0
"('frontend@POST@/write10kb', 'us-west-1', 'compute-node@POST@/write10kb')",52,frontend,compute-node,frontend@POST@/write10kb,compute-node@POST@/write10kb,us-west-1,us-west-1,196,196,1.0
"('SOURCE', 'XXXX', 'frontend@POST@/write1mb')",52,SOURCE,frontend,SOURCE,frontend@POST@/write1mb,XXXX,us-east-1,84,285,0.29473684210526313
"('SOURCE', 'XXXX', 'frontend@POST@/write1mb')",52,SOURCE,frontend,SOURCE,frontend@POST@/write1mb,XXXX,us-west-1,201,285,0.7052631578947368
"('SOURCE', 'XXXX', 'frontend@POST@/write10kb')",52,SOURCE,frontend,SOURCE,frontend@POST@/write10kb,XXXX,us-east-1,103,299,0.34448160535117056
"('SOURCE', 'XXXX', 'frontend@POST@/write10kb')",52,SOURCE,frontend,SOURCE,frontend@POST@/write10kb,XXXX,us-west-1,196,299,0.6555183946488294
"('frontend@POST@/write1mb', 'us-east-1', 'compute-node@POST@/write1mb')",53,frontend,compute-node,frontend@POST@/write1mb,compute-node@POST@/write1mb,us-east-1,us-east-1,100,100,1.0
"('frontend@POST@/write1mb', 'us-west-1', 'compute-node@POST@/write1mb')",53,frontend,compute-node,frontend@POST@/write1mb,compute-node@POST@/write1mb,us-west-1,us-west-1,195,195,1.0
"('frontend@POST@/write10kb', 'us-east-1', 'compute-node@POST@/write10kb')",53,frontend,compute-node,frontend@POST@/write10kb,compute-node@POST@/write10kb,us-east-1,us-east-1,100,100,1.0
"('frontend@POST@/write10kb', 'us-west-1', 'compute-node@POST@/write10kb')",53,frontend,compute-node,frontend@POST@/write10kb,compute-node@POST@/write10kb,us-west-1,us-west-1,186,186,1.0
"('SOURCE', 'XXXX', 'frontend@POST@/write1mb')",53,SOURCE,frontend,SOURCE,frontend@POST@/write1mb,XXXX,us-east-1,100,295,0.3389830508474576
"('SOURCE', 'XXXX', 'frontend@POST@/write1mb')",53,SOURCE,frontend,SOURCE,frontend@POST@/write1mb,XXXX,us-west-1,195,295,0.6610169491525424
"('SOURCE', 'XXXX', 'frontend@POST@/write10kb')",53,SOURCE,frontend,SOURCE,frontend@POST@/write10kb,XXXX,us-east-1,100,286,0.34965034965034963
"('SOURCE', 'XXXX', 'frontend@POST@/write10kb')",53,SOURCE,frontend,SOURCE,frontend@POST@/write10kb,XXXX,us-west-1,186,286,0.6503496503496503
"('frontend@POST@/write1mb', 'us-east-1', 'compute-node@POST@/write1mb')",54,frontend,compute-node,frontend@POST@/write1mb,compute-node@POST@/write1mb,us-east-1,us-east-1,100,100,1.0
"('frontend@POST@/write1mb', 'us-west-1', 'compute-node@POST@/write1mb')",54,frontend,compute-node,frontend@POST@/write1mb,compute-node@POST@/write1mb,us-west-1,us-west-1,184,184,1.0
"('frontend@POST@/write10kb', 'us-east-1', 'compute-node@POST@/write10kb')",54,frontend,compute-node,frontend@POST@/write10kb,compute-node@POST@/write10kb,us-east-1,us-east-1,110,110,1.0
"('frontend@POST@/write10kb', 'us-west-1', 'compute-node@POST@/write10kb')",54,frontend,compute-node,frontend@POST@/write10kb,compute-node@POST@/write10kb,us-west-1,us-west-1,204,204,1.0
"('SOURCE', 'XXXX', 'frontend@POST@/write1mb')",54,SOURCE,frontend,SOURCE,frontend@POST@/write1mb,XXXX,us-east-1,100,284,0.352112676056338
"('SOURCE', 'XXXX', 'frontend@POST@/write1mb')",54,SOURCE,frontend,SOURCE,frontend@POST@/write1mb,XXXX,us-west-1,184,284,0.647887323943662
"('SOURCE', 'XXXX', 'frontend@POST@/write10kb')",54,SOURCE,frontend,SOURCE,frontend@POST@/write10kb,XXXX,us-east-1,110,314,0.3503184713375796
"('SOURCE', 'XXXX', 'frontend@POST@/write10kb')",54,SOURCE,frontend,SOURCE,frontend@POST@/write10kb,XXXX,us-west-1,204,314,0.6496815286624203
"('frontend@POST@/write1mb', 'us-east-1', 'compute-node@POST@/write1mb')",55,frontend,compute-node,frontend@POST@/write1mb,compute-node@POST@/write1mb,us-east-1,us-east-1,110,110,1.0
"('frontend@POST@/write1mb', 'us-west-1', 'compute-node@POST@/write1mb')",55,frontend,compute-node,frontend@POST@/write1mb,compute-node@POST@/write1mb,us-west-1,us-west-1,204,204,1.0
"('frontend@POST@/write10kb', 'us-east-1', 'compute-node@POST@/write10kb')",55,frontend,compute-node,frontend@POST@/write10kb,compute-node@POST@/write10kb,us-east-1,us-east-1,110,110,1.0
"('frontend@POST@/write10kb', 'us-west-1', 'compute-node@POST@/write10kb')",55,frontend,compute-node,frontend@POST@/write10kb,compute-node@POST@/write10kb,us-west-1,us-west-1,218,218,1.0
"('SOURCE', 'XXXX', 'frontend@POST@/write1mb')",55,SOURCE,frontend,SOURCE,frontend@POST@/write1mb,XXXX,us-east-1,110,314,0.3503184713375796
"('SOURCE', 'XXXX', 'frontend@POST@/write1mb')",55,SOURCE,frontend,SOURCE,frontend@POST@/write1mb,XXXX,us-west-1,204,314,0.6496815286624203
"('SOURCE', 'XXXX', 'frontend@POST@/write10kb')",55,SOURCE,frontend,SOURCE,frontend@POST@/write10kb,XXXX,us-east-1,110,328,0.3353658536585366
"('SOURCE', 'XXXX', 'frontend@POST@/write10kb')",55,SOURCE,frontend,SOURCE,frontend@POST@/write10kb,XXXX,us-west-1,218,328,0.6646341463414634
"('frontend@POST@/write1mb', 'us-east-1', 'compute-node@POST@/write1mb')",56,frontend,compute-node,frontend@POST@/write1mb,compute-node@POST@/write1mb,us-east-1,us-east-1,110,110,1.0
"('frontend@POST@/write1mb', 'us-west-1', 'compute-node@POST@/write1mb')",56,frontend,compute-node,frontend@POST@/write1mb,compute-node@POST@/write1mb,us-west-1,us-west-1,218,218,1.0
"('frontend@POST@/write10kb', 'us-east-1', 'compute-node@POST@/write10kb')",56,frontend,compute-node,frontend@POST@/write10kb,compute-node@POST@/write10kb,us-east-1,us-east-1,106,106,1.0
"('frontend@POST@/write10kb', 'us-west-1', 'compute-node@POST@/write10kb')",56,frontend,compute-node,frontend@POST@/write10kb,compute-node@POST@/write10kb,us-west-1,us-west-1,211,211,1.0
"('SOURCE', 'XXXX', 'frontend@POST@/write1mb')",56,SOURCE,frontend,SOURCE,frontend@POST@/write1mb,XXXX,us-east-1,110,328,0.3353658536585366
"('SOURCE', 'XXXX', 'frontend@POST@/write1mb')",56,SOURCE,frontend,SOURCE,frontend@POST@/write1mb,XXXX,us-west-1,218,328,0.6646341463414634
"('SOURCE', 'XXXX', 'frontend@POST@/write10kb')",56,SOURCE,frontend,SOURCE,frontend@POST@/write10kb,XXXX,us-east-1,106,317,0.334384858044164
"('SOURCE', 'XXXX', 'frontend@POST@/write10kb')",56,SOURCE,frontend,SOURCE,frontend@POST@/write10kb,XXXX,us-west-1,211,317,0.6656151419558359
"('frontend@POST@/write1mb', 'us-east-1', 'compute-node@POST@/write1mb')",57,frontend,compute-node,frontend@POST@/write1mb,compute-node@POST@/write1mb,us-east-1,us-east-1,107,107,1.0
"('frontend@POST@/write1mb', 'us-west-1', 'compute-node@POST@/write1mb')",57,frontend,compute-node,frontend@POST@/write1mb,compute-node@POST@/write1mb,us-west-1,us-west-1,210,210,1.0
"('frontend@POST@/write10kb', 'us-east-1', 'compute-node@POST@/write10kb')",57,frontend,compute-node,frontend@POST@/write10kb,compute-node@POST@/write10kb,us-east-1,us-east-1,76,76,1.0
"('frontend@POST@/write10kb', 'us-west-1', 'compute-node@POST@/write10kb')",57,frontend,compute-node,frontend@POST@/write10kb,compute-node@POST@/write10kb,us-west-1,us-west-1,216,216,1.0
"('SOURCE', 'XXXX', 'frontend@POST@/write1mb')",57,SOURCE,frontend,SOURCE,frontend@POST@/write1mb,XXXX,us-east-1,107,317,0.33753943217665616
"('SOURCE', 'XXXX', 'frontend@POST@/write1mb')",57,SOURCE,frontend,SOURCE,frontend@POST@/write1mb,XXXX,us-west-1,210,317,0.6624605678233438
"('SOURCE', 'XXXX', 'frontend@POST@/write10kb')",57,SOURCE,frontend,SOURCE,frontend@POST@/write10kb,XXXX,us-east-1,76,292,0.2602739726027397
"('SOURCE', 'XXXX', 'frontend@POST@/write10kb')",57,SOURCE,frontend,SOURCE,frontend@POST@/write10kb,XXXX,us-west-1,216,292,0.7397260273972602
"('frontend@POST@/write1mb', 'us-east-1', 'compute-node@POST@/write1mb')",58,frontend,compute-node,frontend@POST@/write1mb,compute-node@POST@/write1mb,us-east-1,us-east-1,76,76,1.0
"('frontend@POST@/write1mb', 'us-west-1', 'compute-node@POST@/write1mb')",58,frontend,compute-node,frontend@POST@/write1mb,compute-node@POST@/write1mb,us-west-1,us-west-1,215,215,1.0
"('frontend@POST@/write10kb', 'us-east-1', 'compute-node@POST@/write10kb')",58,frontend,compute-node,frontend@POST@/write10kb,compute-node@POST@/write10kb,us-east-1,us-east-1,113,113,1.0
"('frontend@POST@/write10kb', 'us-west-1', 'compute-node@POST@/write10kb')",58,frontend,compute-node,frontend@POST@/write10kb,compute-node@POST@/write10kb,us-west-1,us-west-1,209,209,1.0
"('SOURCE', 'XXXX', 'frontend@POST@/write1mb')",58,SOURCE,frontend,SOURCE,frontend@POST@/write1mb,XXXX,us-east-1,76,291,0.2611683848797251
"('SOURCE', 'XXXX', 'frontend@POST@/write1mb')",58,SOURCE,frontend,SOURCE,frontend@POST@/write1mb,XXXX,us-west-1,215,291,0.738831615120275
"('SOURCE', 'XXXX', 'frontend@POST@/write10kb')",58,SOURCE,frontend,SOURCE,frontend@POST@/write10kb,XXXX,us-east-1,113,322,0.35093167701863354
"('SOURCE', 'XXXX', 'frontend@POST@/write10kb')",58,SOURCE,frontend,SOURCE,frontend@POST@/write10kb,XXXX,us-west-1,209,322,0.6490683229813664
"('frontend@POST@/write1mb', 'us-east-1', 'compute-node@POST@/write1mb')",59,frontend,compute-node,frontend@POST@/write1mb,compute-node@POST@/write1mb,us-east-1,us-east-1,113,113,1.0
"('frontend@POST@/write1mb', 'us-west-1', 'compute-node@POST@/write1mb')",59,frontend,compute-node,frontend@POST@/write1mb,compute-node@POST@/write1mb,us-west-1,us-west-1,209,209,1.0
"('frontend@POST@/write10kb', 'us-east-1', 'compute-node@POST@/write10kb')",59,frontend,compute-node,frontend@POST@/write10kb,compute-node@POST@/write10kb,us-east-1,us-east-1,100,100,1.0
"('frontend@POST@/write10kb', 'us-west-1', 'compute-node@POST@/write10kb')",59,frontend,compute-node,frontend@POST@/write10kb,compute-node@POST@/write10kb,us-west-1,us-west-1,205,205,1.0
"('SOURCE', 'XXXX', 'frontend@POST@/write1mb')",59,SOURCE,frontend,SOURCE,frontend@POST@/write1mb,XXXX,us-east-1,113,322,0.35093167701863354
"('SOURCE', 'XXXX', 'frontend@POST@/write1mb')",59,SOURCE,frontend,SOURCE,frontend@POST@/write1mb,XXXX,us-west-1,209,322,0.6490683229813664
"('SOURCE', 'XXXX', 'frontend@POST@/write10kb')",59,SOURCE,frontend,SOURCE,frontend@POST@/write10kb,XXXX,us-east-1,100,305,0.32786885245901637
"('SOURCE', 'XXXX', 'frontend@POST@/write10kb')",59,SOURCE,frontend,SOURCE,frontend@POST@/write10kb,XXXX,us-west-1,205,305,0.6721311475409836
"('frontend@POST@/write1mb', 'us-east-1', 'compute-node@POST@/write1mb')",60,frontend,compute-node,frontend@POST@/write1mb,compute-node@POST@/write1mb,us-east-1,us-east-1,100,100,1.0
"('frontend@POST@/write1mb', 'us-west-1', 'compute-node@POST@/write1mb')",60,frontend,compute-node,frontend@POST@/write1mb,compute-node@POST@/write1mb,us-west-1,us-west-1,207,207,1.0
"('frontend@POST@/write10kb', 'us-east-1', 'compute-node@POST@/write10kb')",60,frontend,compute-node,frontend@POST@/write10kb,compute-node@POST@/write10kb,us-east-1,us-east-1,98,98,1.0
"('frontend@POST@/write10kb', 'us-west-1', 'compute-node@POST@/write10kb')",60,frontend,compute-node,frontend@POST@/write10kb,compute-node@POST@/write10kb,us-west-1,us-west-1,182,182,1.0
"('SOURCE', 'XXXX', 'frontend@POST@/write1mb')",60,SOURCE,frontend,SOURCE,frontend@POST@/write1mb,XXXX,us-east-1,100,307,0.3257328990228013
"('SOURCE', 'XXXX', 'frontend@POST@/write1mb')",60,SOURCE,frontend,SOURCE,frontend@POST@/write1mb,XXXX,us-west-1,207,307,0.6742671009771987
"('SOURCE', 'XXXX', 'frontend@POST@/write10kb')",60,SOURCE,frontend,SOURCE,frontend@POST@/write10kb,XXXX,us-east-1,98,280,0.35
"('SOURCE', 'XXXX', 'frontend@POST@/write10kb')",60,SOURCE,frontend,SOURCE,frontend@POST@/write10kb,XXXX,us-west-1,182,280,0.65
"('frontend@POST@/write1mb', 'us-east-1', 'compute-node@POST@/write1mb')",61,frontend,compute-node,frontend@POST@/write1mb,compute-node@POST@/write1mb,us-east-1,us-east-1,98,98,1.0
"('frontend@POST@/write1mb', 'us-west-1', 'compute-node@POST@/write1mb')",61,frontend,compute-node,frontend@POST@/write1mb,compute-node@POST@/write1mb,us-west-1,us-west-1,182,182,1.0
"('frontend@POST@/write10kb', 'us-east-1', 'compute-node@POST@/write10kb')",61,frontend,compute-node,frontend@POST@/write10kb,compute-node@POST@/write10kb,us-east-1,us-east-1,101,101,1.0
"('frontend@POST@/write10kb', 'us-west-1', 'compute-node@POST@/write10kb')",61,frontend,compute-node,frontend@POST@/write10kb,compute-node@POST@/write10kb,us-west-1,us-west-1,189,189,1.0
"('SOURCE', 'XXXX', 'frontend@POST@/write1mb')",61,SOURCE,frontend,SOURCE,frontend@POST@/write1mb,XXXX,us-east-1,98,280,0.35
"('SOURCE', 'XXXX', 'frontend@POST@/write1mb')",61,SOURCE,frontend,SOURCE,frontend@POST@/write1mb,XXXX,us-west-1,182,280,0.65
"('SOURCE', 'XXXX', 'frontend@POST@/write10kb')",61,SOURCE,frontend,SOURCE,frontend@POST@/write10kb,XXXX,us-east-1,101,290,0.3482758620689655
"('SOURCE', 'XXXX', 'frontend@POST@/write10kb')",61,SOURCE,frontend,SOURCE,frontend@POST@/write10kb,XXXX,us-west-1,189,290,0.6517241379310345
"('frontend@POST@/write1mb', 'us-east-1', 'compute-node@POST@/write1mb')",62,frontend,compute-node,frontend@POST@/write1mb,compute-node@POST@/write1mb,us-east-1,us-east-1,101,101,1.0
"('frontend@POST@/write1mb', 'us-west-1', 'compute-node@POST@/write1mb')",62,frontend,compute-node,frontend@POST@/write1mb,compute-node@POST@/write1mb,us-west-1,us-west-1,190,190,1.0
"('frontend@POST@/write10kb', 'us-east-1', 'compute-node@POST@/write10kb')",62,frontend,compute-node,frontend@POST@/write10kb,compute-node@POST@/write10kb,us-east-1,us-east-1,96,96,1.0
"('frontend@POST@/write10kb', 'us-west-1', 'compute-node@POST@/write10kb')",62,frontend,compute-node,frontend@POST@/write10kb,compute-node@POST@/write10kb,us-west-1,us-west-1,174,174,1.0
"('SOURCE', 'XXXX', 'frontend@POST@/write1mb')",62,SOURCE,frontend,SOURCE,frontend@POST@/write1mb,XXXX,us-east-1,101,291,0.3470790378006873
"('SOURCE', 'XXXX', 'frontend@POST@/write1mb')",62,SOURCE,frontend,SOURCE,frontend@POST@/write1mb,XXXX,us-west-1,190,291,0.6529209621993127
"('SOURCE', 'XXXX', 'frontend@POST@/write10kb')",62,SOURCE,frontend,SOURCE,frontend@POST@/write10kb,XXXX,us-east-1,96,270,0.35555555555555557
"('SOURCE', 'XXXX', 'frontend@POST@/write10kb')",62,SOURCE,frontend,SOURCE,frontend@POST@/write10kb,XXXX,us-west-1,174,270,0.6444444444444445
"('frontend@POST@/write1mb', 'us-east-1', 'compute-node@POST@/write1mb')",63,frontend,compute-node,frontend@POST@/write1mb,compute-node@POST@/write1mb,us-east-1,us-east-1,96,96,1.0
"('frontend@POST@/write1mb', 'us-west-1', 'compute-node@POST@/write1mb')",63,frontend,compute-node,frontend@POST@/write1mb,compute-node@POST@/write1mb,us-west-1,us-west-1,171,171,1.0
"('frontend@POST@/write10kb', 'us-east-1', 'compute-node@POST@/write10kb')",63,frontend,compute-node,frontend@POST@/write10kb,compute-node@POST@/write10kb,us-east-1,us-east-1,83,83,1.0
"('frontend@POST@/write10kb', 'us-west-1', 'compute-node@POST@/write10kb')",63,frontend,compute-node,frontend@POST@/write10kb,compute-node@POST@/write10kb,us-west-1,us-west-1,174,174,1.0
"('SOURCE', 'XXXX', 'frontend@POST@/write1mb')",63,SOURCE,frontend,SOURCE,frontend@POST@/write1mb,XXXX,us-east-1,96,267,0.3595505617977528
"('SOURCE', 'XXXX', 'frontend@POST@/write1mb')",63,SOURCE,frontend,SOURCE,frontend@POST@/write1mb,XXXX,us-west-1,171,267,0.6404494382022472
"('SOURCE', 'XXXX', 'frontend@POST@/write10kb')",63,SOURCE,frontend,SOURCE,frontend@POST@/write10kb,XXXX,us-east-1,83,257,0.3229571984435798
"('SOURCE', 'XXXX', 'frontend@POST@/write10kb')",63,SOURCE,frontend,SOURCE,frontend@POST@/write10kb,XXXX,us-west-1,174,257,0.6770428015564203
"('frontend@POST@/write1mb', 'us-east-1', 'compute-node@POST@/write1mb')",64,frontend,compute-node,frontend@POST@/write1mb,compute-node@POST@/write1mb,us-east-1,us-east-1,84,84,1.0
"('frontend@POST@/write10kb', 'us-east-1', 'compute-node@POST@/write10kb')",64,frontend,compute-node,frontend@POST@/write10kb,compute-node@POST@/write10kb,us-east-1,us-east-1,83,83,1.0
"('SOURCE', 'XXXX', 'frontend@POST@/write1mb')",64,SOURCE,frontend,SOURCE,frontend@POST@/write1mb,XXXX,us-east-1,84,84,1.0
"('SOURCE', 'XXXX', 'frontend@POST@/write10kb')",64,SOURCE,frontend,SOURCE,frontend@POST@/write10kb,XXXX,us-east-1,83,83,1.0
