"('frontend@GET@/start', 'us-east-1', 'a@POST@/spreada')",frontend,a,frontend@GET@/start,a@POST@/spreada,us-east-1,us-east-1,226,226,1.0
"('frontend@GET@/start', 'us-west-1', 'a@POST@/spreada')",frontend,a,frontend@GET@/start,a@POST@/spreada,us-west-1,us-west-1,204,204,1.0
"('frontend@GET@/start', 'us-east-1', 'a@POST@/spreada')",frontend,a,frontend@GET@/start,a@POST@/spreada,us-east-1,us-east-1,210,216,0.9722222222222222
"('frontend@GET@/start', 'us-east-1', 'a@POST@/spreada')",frontend,a,frontend@GET@/start,a@POST@/spreada,us-east-1,us-west-1,6,216,0.027777777777777776
"('frontend@GET@/start', 'us-west-1', 'a@POST@/spreada')",frontend,a,frontend@GET@/start,a@POST@/spreada,us-west-1,us-west-1,170,170,1.0
"('frontend@GET@/start', 'us-east-1', 'a@POST@/spreada')",frontend,a,frontend@GET@/start,a@POST@/spreada,us-east-1,us-east-1,182,194,0.9381443298969072
"('frontend@GET@/start', 'us-east-1', 'a@POST@/spreada')",frontend,a,frontend@GET@/start,a@POST@/spreada,us-east-1,us-west-1,12,194,0.061855670103092786
"('frontend@GET@/start', 'us-west-1', 'a@POST@/spreada')",frontend,a,frontend@GET@/start,a@POST@/spreada,us-west-1,us-west-1,113,113,1.0
"('frontend@GET@/start', 'us-east-1', 'a@POST@/spreada')",frontend,a,frontend@GET@/start,a@POST@/spreada,us-east-1,us-east-1,152,191,0.7958115183246073
"('frontend@GET@/start', 'us-east-1', 'a@POST@/spreada')",frontend,a,frontend@GET@/start,a@POST@/spreada,us-east-1,us-west-1,39,191,0.20418848167539266
"('frontend@GET@/start', 'us-west-1', 'a@POST@/spreada')",frontend,a,frontend@GET@/start,a@POST@/spreada,us-west-1,us-west-1,78,78,1.0
"('frontend@GET@/start', 'us-east-1', 'a@POST@/spreada')",frontend,a,frontend@GET@/start,a@POST@/spreada,us-east-1,us-east-1,134,190,0.7052631578947368
"('frontend@GET@/start', 'us-east-1', 'a@POST@/spreada')",frontend,a,frontend@GET@/start,a@POST@/spreada,us-east-1,us-west-1,56,190,0.29473684210526313
"('frontend@GET@/start', 'us-west-1', 'a@POST@/spreada')",frontend,a,frontend@GET@/start,a@POST@/spreada,us-west-1,us-west-1,62,62,1.0
"('frontend@GET@/start', 'us-east-1', 'a@POST@/spreada')",frontend,a,frontend@GET@/start,a@POST@/spreada,us-east-1,us-east-1,140,217,0.6451612903225806
"('frontend@GET@/start', 'us-east-1', 'a@POST@/spreada')",frontend,a,frontend@GET@/start,a@POST@/spreada,us-east-1,us-west-1,77,217,0.3548387096774194
"('frontend@GET@/start', 'us-west-1', 'a@POST@/spreada')",frontend,a,frontend@GET@/start,a@POST@/spreada,us-west-1,us-west-1,60,60,1.0
"('frontend@GET@/start', 'us-east-1', 'a@POST@/spreada')",frontend,a,frontend@GET@/start,a@POST@/spreada,us-east-1,us-east-1,118,175,0.6742857142857143
"('frontend@GET@/start', 'us-east-1', 'a@POST@/spreada')",frontend,a,frontend@GET@/start,a@POST@/spreada,us-east-1,us-west-1,57,175,0.32571428571428573
"('frontend@GET@/start', 'us-west-1', 'a@POST@/spreada')",frontend,a,frontend@GET@/start,a@POST@/spreada,us-west-1,us-west-1,52,52,1.0
"('frontend@GET@/start', 'us-east-1', 'a@POST@/spreada')",frontend,a,frontend@GET@/start,a@POST@/spreada,us-east-1,us-east-1,127,202,0.6287128712871287
"('frontend@GET@/start', 'us-east-1', 'a@POST@/spreada')",frontend,a,frontend@GET@/start,a@POST@/spreada,us-east-1,us-west-1,75,202,0.3712871287128713
"('frontend@GET@/start', 'us-west-1', 'a@POST@/spreada')",frontend,a,frontend@GET@/start,a@POST@/spreada,us-west-1,us-west-1,35,35,1.0
"('frontend@GET@/start', 'us-east-1', 'a@POST@/spreada')",frontend,a,frontend@GET@/start,a@POST@/spreada,us-east-1,us-east-1,113,191,0.5916230366492147
"('frontend@GET@/start', 'us-east-1', 'a@POST@/spreada')",frontend,a,frontend@GET@/start,a@POST@/spreada,us-east-1,us-west-1,78,191,0.4083769633507853
"('frontend@GET@/start', 'us-west-1', 'a@POST@/spreada')",frontend,a,frontend@GET@/start,a@POST@/spreada,us-west-1,us-west-1,32,32,1.0
"('frontend@GET@/start', 'us-east-1', 'a@POST@/spreada')",frontend,a,frontend@GET@/start,a@POST@/spreada,us-east-1,us-east-1,109,186,0.5860215053763441
"('frontend@GET@/start', 'us-east-1', 'a@POST@/spreada')",frontend,a,frontend@GET@/start,a@POST@/spreada,us-east-1,us-west-1,77,186,0.41397849462365593
"('frontend@GET@/start', 'us-west-1', 'a@POST@/spreada')",frontend,a,frontend@GET@/start,a@POST@/spreada,us-west-1,us-west-1,38,38,1.0
"('frontend@GET@/start', 'us-east-1', 'a@POST@/spreada')",frontend,a,frontend@GET@/start,a@POST@/spreada,us-east-1,us-east-1,135,232,0.5818965517241379
"('frontend@GET@/start', 'us-east-1', 'a@POST@/spreada')",frontend,a,frontend@GET@/start,a@POST@/spreada,us-east-1,us-west-1,97,232,0.41810344827586204
"('frontend@GET@/start', 'us-west-1', 'a@POST@/spreada')",frontend,a,frontend@GET@/start,a@POST@/spreada,us-west-1,us-west-1,19,19,1.0
"('frontend@GET@/start', 'us-east-1', 'a@POST@/spreada')",frontend,a,frontend@GET@/start,a@POST@/spreada,us-east-1,us-east-1,101,183,0.5519125683060109
"('frontend@GET@/start', 'us-east-1', 'a@POST@/spreada')",frontend,a,frontend@GET@/start,a@POST@/spreada,us-east-1,us-west-1,82,183,0.44808743169398907
"('frontend@GET@/start', 'us-west-1', 'a@POST@/spreada')",frontend,a,frontend@GET@/start,a@POST@/spreada,us-west-1,us-west-1,17,17,1.0
"('frontend@GET@/start', 'us-east-1', 'a@POST@/spreada')",frontend,a,frontend@GET@/start,a@POST@/spreada,us-east-1,us-east-1,107,197,0.5431472081218274
"('frontend@GET@/start', 'us-east-1', 'a@POST@/spreada')",frontend,a,frontend@GET@/start,a@POST@/spreada,us-east-1,us-west-1,90,197,0.45685279187817257
"('frontend@GET@/start', 'us-west-1', 'a@POST@/spreada')",frontend,a,frontend@GET@/start,a@POST@/spreada,us-west-1,us-west-1,22,22,1.0
"('frontend@GET@/start', 'us-east-1', 'a@POST@/spreada')",frontend,a,frontend@GET@/start,a@POST@/spreada,us-east-1,us-east-1,125,228,0.5482456140350878
"('frontend@GET@/start', 'us-east-1', 'a@POST@/spreada')",frontend,a,frontend@GET@/start,a@POST@/spreada,us-east-1,us-west-1,103,228,0.4517543859649123
"('frontend@GET@/start', 'us-west-1', 'a@POST@/spreada')",frontend,a,frontend@GET@/start,a@POST@/spreada,us-west-1,us-west-1,26,26,1.0
"('frontend@GET@/start', 'us-east-1', 'a@POST@/spreada')",frontend,a,frontend@GET@/start,a@POST@/spreada,us-east-1,us-east-1,99,171,0.5789473684210527
"('frontend@GET@/start', 'us-east-1', 'a@POST@/spreada')",frontend,a,frontend@GET@/start,a@POST@/spreada,us-east-1,us-west-1,72,171,0.42105263157894735
"('frontend@GET@/start', 'us-west-1', 'a@POST@/spreada')",frontend,a,frontend@GET@/start,a@POST@/spreada,us-west-1,us-west-1,12,12,1.0
"('frontend@GET@/start', 'us-east-1', 'a@POST@/spreada')",frontend,a,frontend@GET@/start,a@POST@/spreada,us-east-1,us-east-1,102,192,0.53125
"('frontend@GET@/start', 'us-east-1', 'a@POST@/spreada')",frontend,a,frontend@GET@/start,a@POST@/spreada,us-east-1,us-west-1,90,192,0.46875
"('frontend@GET@/start', 'us-west-1', 'a@POST@/spreada')",frontend,a,frontend@GET@/start,a@POST@/spreada,us-west-1,us-west-1,11,11,1.0
"('frontend@GET@/start', 'us-east-1', 'a@POST@/spreada')",frontend,a,frontend@GET@/start,a@POST@/spreada,us-east-1,us-east-1,104,197,0.5279187817258884
"('frontend@GET@/start', 'us-east-1', 'a@POST@/spreada')",frontend,a,frontend@GET@/start,a@POST@/spreada,us-east-1,us-west-1,93,197,0.4720812182741117
"('frontend@GET@/start', 'us-west-1', 'a@POST@/spreada')",frontend,a,frontend@GET@/start,a@POST@/spreada,us-west-1,us-west-1,18,18,1.0
"('frontend@GET@/start', 'us-east-1', 'a@POST@/spreada')",frontend,a,frontend@GET@/start,a@POST@/spreada,us-east-1,us-east-1,111,204,0.5441176470588235
"('frontend@GET@/start', 'us-east-1', 'a@POST@/spreada')",frontend,a,frontend@GET@/start,a@POST@/spreada,us-east-1,us-west-1,93,204,0.45588235294117646
"('frontend@GET@/start', 'us-west-1', 'a@POST@/spreada')",frontend,a,frontend@GET@/start,a@POST@/spreada,us-west-1,us-west-1,11,11,1.0
"('frontend@GET@/start', 'us-east-1', 'a@POST@/spreada')",frontend,a,frontend@GET@/start,a@POST@/spreada,us-east-1,us-east-1,107,204,0.5245098039215687
"('frontend@GET@/start', 'us-east-1', 'a@POST@/spreada')",frontend,a,frontend@GET@/start,a@POST@/spreada,us-east-1,us-west-1,97,204,0.47549019607843135
"('frontend@GET@/start', 'us-west-1', 'a@POST@/spreada')",frontend,a,frontend@GET@/start,a@POST@/spreada,us-west-1,us-west-1,13,13,1.0
"('frontend@GET@/start', 'us-east-1', 'a@POST@/spreada')",frontend,a,frontend@GET@/start,a@POST@/spreada,us-east-1,us-east-1,107,201,0.5323383084577115
"('frontend@GET@/start', 'us-east-1', 'a@POST@/spreada')",frontend,a,frontend@GET@/start,a@POST@/spreada,us-east-1,us-west-1,94,201,0.46766169154228854
"('frontend@GET@/start', 'us-west-1', 'a@POST@/spreada')",frontend,a,frontend@GET@/start,a@POST@/spreada,us-west-1,us-west-1,15,15,1.0
"('frontend@GET@/start', 'us-east-1', 'a@POST@/spreada')",frontend,a,frontend@GET@/start,a@POST@/spreada,us-east-1,us-east-1,116,217,0.5345622119815668
"('frontend@GET@/start', 'us-east-1', 'a@POST@/spreada')",frontend,a,frontend@GET@/start,a@POST@/spreada,us-east-1,us-west-1,101,217,0.46543778801843316
"('frontend@GET@/start', 'us-west-1', 'a@POST@/spreada')",frontend,a,frontend@GET@/start,a@POST@/spreada,us-west-1,us-west-1,12,12,1.0
"('frontend@GET@/start', 'us-east-1', 'a@POST@/spreada')",frontend,a,frontend@GET@/start,a@POST@/spreada,us-east-1,us-east-1,104,196,0.5306122448979592
"('frontend@GET@/start', 'us-east-1', 'a@POST@/spreada')",frontend,a,frontend@GET@/start,a@POST@/spreada,us-east-1,us-west-1,92,196,0.46938775510204084
"('frontend@GET@/start', 'us-west-1', 'a@POST@/spreada')",frontend,a,frontend@GET@/start,a@POST@/spreada,us-west-1,us-west-1,12,12,1.0
"('frontend@GET@/start', 'us-east-1', 'a@POST@/spreada')",frontend,a,frontend@GET@/start,a@POST@/spreada,us-east-1,us-east-1,101,190,0.531578947368421
"('frontend@GET@/start', 'us-east-1', 'a@POST@/spreada')",frontend,a,frontend@GET@/start,a@POST@/spreada,us-east-1,us-west-1,89,190,0.46842105263157896
"('frontend@GET@/start', 'us-west-1', 'a@POST@/spreada')",frontend,a,frontend@GET@/start,a@POST@/spreada,us-west-1,us-west-1,12,12,1.0
"('frontend@GET@/start', 'us-east-1', 'a@POST@/spreada')",frontend,a,frontend@GET@/start,a@POST@/spreada,us-east-1,us-east-1,113,213,0.5305164319248826
"('frontend@GET@/start', 'us-east-1', 'a@POST@/spreada')",frontend,a,frontend@GET@/start,a@POST@/spreada,us-east-1,us-west-1,100,213,0.4694835680751174
"('frontend@GET@/start', 'us-west-1', 'a@POST@/spreada')",frontend,a,frontend@GET@/start,a@POST@/spreada,us-west-1,us-west-1,8,8,1.0
"('frontend@GET@/start', 'us-east-1', 'a@POST@/spreada')",frontend,a,frontend@GET@/start,a@POST@/spreada,us-east-1,us-east-1,116,223,0.5201793721973094
"('frontend@GET@/start', 'us-east-1', 'a@POST@/spreada')",frontend,a,frontend@GET@/start,a@POST@/spreada,us-east-1,us-west-1,107,223,0.4798206278026906
"('frontend@GET@/start', 'us-west-1', 'a@POST@/spreada')",frontend,a,frontend@GET@/start,a@POST@/spreada,us-west-1,us-west-1,5,5,1.0
"('frontend@GET@/start', 'us-east-1', 'a@POST@/spreada')",frontend,a,frontend@GET@/start,a@POST@/spreada,us-east-1,us-east-1,91,177,0.5141242937853108
"('frontend@GET@/start', 'us-east-1', 'a@POST@/spreada')",frontend,a,frontend@GET@/start,a@POST@/spreada,us-east-1,us-west-1,86,177,0.4858757062146893
"('frontend@GET@/start', 'us-west-1', 'a@POST@/spreada')",frontend,a,frontend@GET@/start,a@POST@/spreada,us-west-1,us-west-1,6,6,1.0
"('frontend@GET@/start', 'us-east-1', 'a@POST@/spreada')",frontend,a,frontend@GET@/start,a@POST@/spreada,us-east-1,us-east-1,104,202,0.5148514851485149
"('frontend@GET@/start', 'us-east-1', 'a@POST@/spreada')",frontend,a,frontend@GET@/start,a@POST@/spreada,us-east-1,us-west-1,98,202,0.48514851485148514
"('frontend@GET@/start', 'us-west-1', 'a@POST@/spreada')",frontend,a,frontend@GET@/start,a@POST@/spreada,us-west-1,us-west-1,9,9,1.0
"('frontend@GET@/start', 'us-east-1', 'a@POST@/spreada')",frontend,a,frontend@GET@/start,a@POST@/spreada,us-east-1,us-east-1,100,190,0.5263157894736842
"('frontend@GET@/start', 'us-east-1', 'a@POST@/spreada')",frontend,a,frontend@GET@/start,a@POST@/spreada,us-east-1,us-west-1,90,190,0.47368421052631576
"('frontend@GET@/start', 'us-west-1', 'a@POST@/spreada')",frontend,a,frontend@GET@/start,a@POST@/spreada,us-west-1,us-west-1,12,12,1.0
"('frontend@GET@/start', 'us-east-1', 'a@POST@/spreada')",frontend,a,frontend@GET@/start,a@POST@/spreada,us-east-1,us-east-1,96,180,0.5333333333333333
"('frontend@GET@/start', 'us-east-1', 'a@POST@/spreada')",frontend,a,frontend@GET@/start,a@POST@/spreada,us-east-1,us-west-1,84,180,0.4666666666666667
"('frontend@GET@/start', 'us-west-1', 'a@POST@/spreada')",frontend,a,frontend@GET@/start,a@POST@/spreada,us-west-1,us-west-1,9,9,1.0
"('frontend@GET@/start', 'us-east-1', 'a@POST@/spreada')",frontend,a,frontend@GET@/start,a@POST@/spreada,us-east-1,us-east-1,108,207,0.5217391304347826
"('frontend@GET@/start', 'us-east-1', 'a@POST@/spreada')",frontend,a,frontend@GET@/start,a@POST@/spreada,us-east-1,us-west-1,99,207,0.4782608695652174
"('frontend@GET@/start', 'us-west-1', 'a@POST@/spreada')",frontend,a,frontend@GET@/start,a@POST@/spreada,us-west-1,us-west-1,5,5,1.0
"('frontend@GET@/start', 'us-east-1', 'a@POST@/spreada')",frontend,a,frontend@GET@/start,a@POST@/spreada,us-east-1,us-east-1,92,179,0.5139664804469274
"('frontend@GET@/start', 'us-east-1', 'a@POST@/spreada')",frontend,a,frontend@GET@/start,a@POST@/spreada,us-east-1,us-west-1,87,179,0.4860335195530726
"('frontend@GET@/start', 'us-west-1', 'a@POST@/spreada')",frontend,a,frontend@GET@/start,a@POST@/spreada,us-west-1,us-west-1,7,7,1.0
"('frontend@GET@/start', 'us-east-1', 'a@POST@/spreada')",frontend,a,frontend@GET@/start,a@POST@/spreada,us-east-1,us-east-1,100,192,0.5208333333333334
"('frontend@GET@/start', 'us-east-1', 'a@POST@/spreada')",frontend,a,frontend@GET@/start,a@POST@/spreada,us-east-1,us-west-1,92,192,0.4791666666666667
"('frontend@GET@/start', 'us-west-1', 'a@POST@/spreada')",frontend,a,frontend@GET@/start,a@POST@/spreada,us-west-1,us-west-1,13,13,1.0
"('frontend@GET@/start', 'us-east-1', 'a@POST@/spreada')",frontend,a,frontend@GET@/start,a@POST@/spreada,us-east-1,us-east-1,117,221,0.5294117647058824
"('frontend@GET@/start', 'us-east-1', 'a@POST@/spreada')",frontend,a,frontend@GET@/start,a@POST@/spreada,us-east-1,us-west-1,104,221,0.47058823529411764
"('frontend@GET@/start', 'us-west-1', 'a@POST@/spreada')",frontend,a,frontend@GET@/start,a@POST@/spreada,us-west-1,us-west-1,12,12,1.0
"('frontend@GET@/start', 'us-east-1', 'a@POST@/spreada')",frontend,a,frontend@GET@/start,a@POST@/spreada,us-east-1,us-east-1,103,194,0.5309278350515464
"('frontend@GET@/start', 'us-east-1', 'a@POST@/spreada')",frontend,a,frontend@GET@/start,a@POST@/spreada,us-east-1,us-west-1,91,194,0.4690721649484536
"('frontend@GET@/start', 'us-west-1', 'a@POST@/spreada')",frontend,a,frontend@GET@/start,a@POST@/spreada,us-west-1,us-west-1,6,6,1.0
"('frontend@GET@/start', 'us-east-1', 'a@POST@/spreada')",frontend,a,frontend@GET@/start,a@POST@/spreada,us-east-1,us-east-1,118,230,0.5130434782608696
"('frontend@GET@/start', 'us-east-1', 'a@POST@/spreada')",frontend,a,frontend@GET@/start,a@POST@/spreada,us-east-1,us-west-1,112,230,0.48695652173913045
"('frontend@GET@/start', 'us-west-1', 'a@POST@/spreada')",frontend,a,frontend@GET@/start,a@POST@/spreada,us-west-1,us-west-1,8,8,1.0
"('frontend@GET@/start', 'us-east-1', 'a@POST@/spreada')",frontend,a,frontend@GET@/start,a@POST@/spreada,us-east-1,us-east-1,99,189,0.5238095238095238
"('frontend@GET@/start', 'us-east-1', 'a@POST@/spreada')",frontend,a,frontend@GET@/start,a@POST@/spreada,us-east-1,us-west-1,90,189,0.47619047619047616
"('frontend@GET@/start', 'us-west-1', 'a@POST@/spreada')",frontend,a,frontend@GET@/start,a@POST@/spreada,us-west-1,us-west-1,15,15,1.0
"('frontend@GET@/start', 'us-east-1', 'a@POST@/spreada')",frontend,a,frontend@GET@/start,a@POST@/spreada,us-east-1,us-east-1,111,207,0.5362318840579711
"('frontend@GET@/start', 'us-east-1', 'a@POST@/spreada')",frontend,a,frontend@GET@/start,a@POST@/spreada,us-east-1,us-west-1,96,207,0.463768115942029
"('frontend@GET@/start', 'us-west-1', 'a@POST@/spreada')",frontend,a,frontend@GET@/start,a@POST@/spreada,us-west-1,us-west-1,12,12,1.0
"('frontend@GET@/start', 'us-east-1', 'a@POST@/spreada')",frontend,a,frontend@GET@/start,a@POST@/spreada,us-east-1,us-east-1,109,206,0.529126213592233
"('frontend@GET@/start', 'us-east-1', 'a@POST@/spreada')",frontend,a,frontend@GET@/start,a@POST@/spreada,us-east-1,us-west-1,97,206,0.470873786407767
"('frontend@GET@/start', 'us-west-1', 'a@POST@/spreada')",frontend,a,frontend@GET@/start,a@POST@/spreada,us-west-1,us-west-1,6,6,1.0
"('frontend@GET@/start', 'us-east-1', 'a@POST@/spreada')",frontend,a,frontend@GET@/start,a@POST@/spreada,us-east-1,us-east-1,96,186,0.5161290322580645
"('frontend@GET@/start', 'us-east-1', 'a@POST@/spreada')",frontend,a,frontend@GET@/start,a@POST@/spreada,us-east-1,us-west-1,90,186,0.4838709677419355
"('frontend@GET@/start', 'us-west-1', 'a@POST@/spreada')",frontend,a,frontend@GET@/start,a@POST@/spreada,us-west-1,us-west-1,8,8,1.0
"('frontend@GET@/start', 'us-east-1', 'a@POST@/spreada')",frontend,a,frontend@GET@/start,a@POST@/spreada,us-east-1,us-east-1,114,219,0.5205479452054794
"('frontend@GET@/start', 'us-east-1', 'a@POST@/spreada')",frontend,a,frontend@GET@/start,a@POST@/spreada,us-east-1,us-west-1,105,219,0.4794520547945205
"('frontend@GET@/start', 'us-west-1', 'a@POST@/spreada')",frontend,a,frontend@GET@/start,a@POST@/spreada,us-west-1,us-west-1,5,5,1.0
"('frontend@GET@/start', 'us-east-1', 'a@POST@/spreada')",frontend,a,frontend@GET@/start,a@POST@/spreada,us-east-1,us-east-1,105,205,0.5121951219512195
"('frontend@GET@/start', 'us-east-1', 'a@POST@/spreada')",frontend,a,frontend@GET@/start,a@POST@/spreada,us-east-1,us-west-1,100,205,0.4878048780487805
"('frontend@GET@/start', 'us-west-1', 'a@POST@/spreada')",frontend,a,frontend@GET@/start,a@POST@/spreada,us-west-1,us-west-1,4,4,1.0
"('frontend@GET@/start', 'us-east-1', 'a@POST@/spreada')",frontend,a,frontend@GET@/start,a@POST@/spreada,us-east-1,us-east-1,90,176,0.5113636363636364
"('frontend@GET@/start', 'us-east-1', 'a@POST@/spreada')",frontend,a,frontend@GET@/start,a@POST@/spreada,us-east-1,us-west-1,86,176,0.48863636363636365
"('frontend@GET@/start', 'us-west-1', 'a@POST@/spreada')",frontend,a,frontend@GET@/start,a@POST@/spreada,us-west-1,us-west-1,11,11,1.0
"('frontend@GET@/start', 'us-east-1', 'a@POST@/spreada')",frontend,a,frontend@GET@/start,a@POST@/spreada,us-east-1,us-east-1,103,195,0.5282051282051282
"('frontend@GET@/start', 'us-east-1', 'a@POST@/spreada')",frontend,a,frontend@GET@/start,a@POST@/spreada,us-east-1,us-west-1,92,195,0.4717948717948718
"('frontend@GET@/start', 'us-west-1', 'a@POST@/spreada')",frontend,a,frontend@GET@/start,a@POST@/spreada,us-west-1,us-west-1,3,3,1.0
"('frontend@GET@/start', 'us-east-1', 'a@POST@/spreada')",frontend,a,frontend@GET@/start,a@POST@/spreada,us-east-1,us-east-1,107,212,0.5047169811320755
"('frontend@GET@/start', 'us-east-1', 'a@POST@/spreada')",frontend,a,frontend@GET@/start,a@POST@/spreada,us-east-1,us-west-1,105,212,0.49528301886792453
"('frontend@GET@/start', 'us-west-1', 'a@POST@/spreada')",frontend,a,frontend@GET@/start,a@POST@/spreada,us-west-1,us-west-1,7,7,1.0
"('frontend@GET@/start', 'us-east-1', 'a@POST@/spreada')",frontend,a,frontend@GET@/start,a@POST@/spreada,us-east-1,us-east-1,104,201,0.5174129353233831
"('frontend@GET@/start', 'us-east-1', 'a@POST@/spreada')",frontend,a,frontend@GET@/start,a@POST@/spreada,us-east-1,us-west-1,97,201,0.48258706467661694
"('frontend@GET@/start', 'us-west-1', 'a@POST@/spreada')",frontend,a,frontend@GET@/start,a@POST@/spreada,us-west-1,us-west-1,8,8,1.0
"('frontend@GET@/start', 'us-east-1', 'a@POST@/spreada')",frontend,a,frontend@GET@/start,a@POST@/spreada,us-east-1,us-east-1,88,168,0.5238095238095238
"('frontend@GET@/start', 'us-east-1', 'a@POST@/spreada')",frontend,a,frontend@GET@/start,a@POST@/spreada,us-east-1,us-west-1,80,168,0.47619047619047616
"('frontend@GET@/start', 'us-west-1', 'a@POST@/spreada')",frontend,a,frontend@GET@/start,a@POST@/spreada,us-west-1,us-west-1,6,6,1.0
"('frontend@GET@/start', 'us-east-1', 'a@POST@/spreada')",frontend,a,frontend@GET@/start,a@POST@/spreada,us-east-1,us-east-1,93,180,0.5166666666666667
"('frontend@GET@/start', 'us-east-1', 'a@POST@/spreada')",frontend,a,frontend@GET@/start,a@POST@/spreada,us-east-1,us-west-1,87,180,0.48333333333333334
"('frontend@GET@/start', 'us-west-1', 'a@POST@/spreada')",frontend,a,frontend@GET@/start,a@POST@/spreada,us-west-1,us-west-1,7,7,1.0
"('frontend@GET@/start', 'us-east-1', 'a@POST@/spreada')",frontend,a,frontend@GET@/start,a@POST@/spreada,us-east-1,us-east-1,97,187,0.5187165775401069
"('frontend@GET@/start', 'us-east-1', 'a@POST@/spreada')",frontend,a,frontend@GET@/start,a@POST@/spreada,us-east-1,us-west-1,90,187,0.48128342245989303
"('frontend@GET@/start', 'us-west-1', 'a@POST@/spreada')",frontend,a,frontend@GET@/start,a@POST@/spreada,us-west-1,us-west-1,9,9,1.0
"('frontend@GET@/start', 'us-east-1', 'a@POST@/spreada')",frontend,a,frontend@GET@/start,a@POST@/spreada,us-east-1,us-east-1,105,201,0.5223880597014925
"('frontend@GET@/start', 'us-east-1', 'a@POST@/spreada')",frontend,a,frontend@GET@/start,a@POST@/spreada,us-east-1,us-west-1,96,201,0.47761194029850745
"('frontend@GET@/start', 'us-west-1', 'a@POST@/spreada')",frontend,a,frontend@GET@/start,a@POST@/spreada,us-west-1,us-west-1,2,2,1.0
"('frontend@GET@/start', 'us-east-1', 'a@POST@/spreada')",frontend,a,frontend@GET@/start,a@POST@/spreada,us-east-1,us-east-1,96,190,0.5052631578947369
"('frontend@GET@/start', 'us-east-1', 'a@POST@/spreada')",frontend,a,frontend@GET@/start,a@POST@/spreada,us-east-1,us-west-1,94,190,0.49473684210526314
"('frontend@GET@/start', 'us-west-1', 'a@POST@/spreada')",frontend,a,frontend@GET@/start,a@POST@/spreada,us-west-1,us-west-1,5,5,1.0
"('frontend@GET@/start', 'us-east-1', 'a@POST@/spreada')",frontend,a,frontend@GET@/start,a@POST@/spreada,us-east-1,us-east-1,98,191,0.5130890052356021
"('frontend@GET@/start', 'us-east-1', 'a@POST@/spreada')",frontend,a,frontend@GET@/start,a@POST@/spreada,us-east-1,us-west-1,93,191,0.4869109947643979
"('frontend@GET@/start', 'us-west-1', 'a@POST@/spreada')",frontend,a,frontend@GET@/start,a@POST@/spreada,us-west-1,us-west-1,8,8,1.0
"('frontend@GET@/start', 'us-east-1', 'a@POST@/spreada')",frontend,a,frontend@GET@/start,a@POST@/spreada,us-east-1,us-east-1,115,222,0.5180180180180181
"('frontend@GET@/start', 'us-east-1', 'a@POST@/spreada')",frontend,a,frontend@GET@/start,a@POST@/spreada,us-east-1,us-west-1,107,222,0.481981981981982
"('frontend@GET@/start', 'us-west-1', 'a@POST@/spreada')",frontend,a,frontend@GET@/start,a@POST@/spreada,us-west-1,us-west-1,7,7,1.0
"('frontend@GET@/start', 'us-east-1', 'a@POST@/spreada')",frontend,a,frontend@GET@/start,a@POST@/spreada,us-east-1,us-east-1,113,218,0.518348623853211
"('frontend@GET@/start', 'us-east-1', 'a@POST@/spreada')",frontend,a,frontend@GET@/start,a@POST@/spreada,us-east-1,us-west-1,105,218,0.481651376146789
"('frontend@GET@/start', 'us-west-1', 'a@POST@/spreada')",frontend,a,frontend@GET@/start,a@POST@/spreada,us-west-1,us-west-1,9,9,1.0
"('frontend@GET@/start', 'us-east-1', 'a@POST@/spreada')",frontend,a,frontend@GET@/start,a@POST@/spreada,us-east-1,us-east-1,106,203,0.5221674876847291
"('frontend@GET@/start', 'us-east-1', 'a@POST@/spreada')",frontend,a,frontend@GET@/start,a@POST@/spreada,us-east-1,us-west-1,97,203,0.47783251231527096
"('frontend@GET@/start', 'us-west-1', 'a@POST@/spreada')",frontend,a,frontend@GET@/start,a@POST@/spreada,us-west-1,us-west-1,7,7,1.0
"('frontend@GET@/start', 'us-east-1', 'a@POST@/spreada')",frontend,a,frontend@GET@/start,a@POST@/spreada,us-east-1,us-east-1,109,211,0.5165876777251185
"('frontend@GET@/start', 'us-east-1', 'a@POST@/spreada')",frontend,a,frontend@GET@/start,a@POST@/spreada,us-east-1,us-west-1,102,211,0.4834123222748815
"('frontend@GET@/start', 'us-west-1', 'a@POST@/spreada')",frontend,a,frontend@GET@/start,a@POST@/spreada,us-west-1,us-west-1,4,4,1.0
"('frontend@GET@/start', 'us-east-1', 'a@POST@/spreada')",frontend,a,frontend@GET@/start,a@POST@/spreada,us-east-1,us-east-1,109,214,0.5093457943925234
"('frontend@GET@/start', 'us-east-1', 'a@POST@/spreada')",frontend,a,frontend@GET@/start,a@POST@/spreada,us-east-1,us-west-1,105,214,0.49065420560747663
"('frontend@GET@/start', 'us-west-1', 'a@POST@/spreada')",frontend,a,frontend@GET@/start,a@POST@/spreada,us-west-1,us-west-1,5,5,1.0
"('frontend@GET@/start', 'us-east-1', 'a@POST@/spreada')",frontend,a,frontend@GET@/start,a@POST@/spreada,us-east-1,us-east-1,97,189,0.5132275132275133
"('frontend@GET@/start', 'us-east-1', 'a@POST@/spreada')",frontend,a,frontend@GET@/start,a@POST@/spreada,us-east-1,us-west-1,92,189,0.48677248677248675
"('frontend@GET@/start', 'us-west-1', 'a@POST@/spreada')",frontend,a,frontend@GET@/start,a@POST@/spreada,us-west-1,us-west-1,4,4,1.0
"('frontend@GET@/start', 'us-east-1', 'a@POST@/spreada')",frontend,a,frontend@GET@/start,a@POST@/spreada,us-east-1,us-east-1,89,174,0.5114942528735632
"('frontend@GET@/start', 'us-east-1', 'a@POST@/spreada')",frontend,a,frontend@GET@/start,a@POST@/spreada,us-east-1,us-west-1,85,174,0.4885057471264368
"('frontend@GET@/start', 'us-east-1', 'a@POST@/spreada')",frontend,a,frontend@GET@/start,a@POST@/spreada,us-east-1,us-east-1,58,115,0.5043478260869565
"('frontend@GET@/start', 'us-east-1', 'a@POST@/spreada')",frontend,a,frontend@GET@/start,a@POST@/spreada,us-east-1,us-west-1,57,115,0.4956521739130435
"('frontend@GET@/start', 'us-east-1', 'a@POST@/spreada')",frontend,a,frontend@GET@/start,a@POST@/spreada,us-east-1,us-east-1,58,115,0.5043478260869565
"('frontend@GET@/start', 'us-east-1', 'a@POST@/spreada')",frontend,a,frontend@GET@/start,a@POST@/spreada,us-east-1,us-west-1,57,115,0.4956521739130435
