counter,region,service,endpoint,rps
1,us-west-1,db2af0,db2af0@POST@/light,556
1,us-west-1,s222f,s222f@POST@/light,474
1,us-west-1,mc676c,mc676c@POST@/light,462
1,us-west-1,mc9653,mc9653@POST@/light,699
1,us-west-1,mc59ee,mc59ee@POST@/light,724
1,us-west-1,sslateingress,sslateingress@POST@/light,530
1,us-west-1,mcc324,mcc324@POST@/light,715
1,us-west-1,mc12c6,mc12c6@POST@/light,673
1,us-west-1,mc01d6,mc01d6@POST@/light,701
1,us-west-1,saaee,saaee@POST@/light,732
1,us-west-1,s4dd6,s4dd6@POST@/light,708
1,us-west-1,mc46a6,mc46a6@POST@/light,719
1,us-west-1,mcd096,mcd096@POST@/light,706
1,us-west-1,sd03b,sd03b@POST@/light,481
1,us-west-1,mc660d,mc660d@POST@/light,716
1,us-west-1,s6f83,s6f83@POST@/light,709
1,us-west-1,db10bb,db10bb@POST@/light,328
1,us-west-1,dbd1b5,dbd1b5@POST@/light,709
1,us-west-1,db3dd1,db3dd1@POST@/light,725
2,us-west-1,db2af0,db2af0@POST@/light,685
2,us-west-1,s222f,s222f@POST@/light,675
2,us-west-1,mc676c,mc676c@POST@/light,684
2,us-west-1,mc9653,mc9653@POST@/light,687
2,us-west-1,mc59ee,mc59ee@POST@/light,695
2,us-west-1,sslateingress,sslateingress@POST@/light,729
2,us-west-1,mcc324,mcc324@POST@/light,715
2,us-west-1,mc12c6,mc12c6@POST@/light,681
2,us-west-1,mc01d6,mc01d6@POST@/light,701
2,us-west-1,saaee,saaee@POST@/light,716
2,us-west-1,s4dd6,s4dd6@POST@/light,686
2,us-west-1,mc46a6,mc46a6@POST@/light,746
2,us-west-1,mcd096,mcd096@POST@/light,670
2,us-west-1,sd03b,sd03b@POST@/light,680
2,us-west-1,mc660d,mc660d@POST@/light,703
2,us-west-1,s6f83,s6f83@POST@/light,691
2,us-west-1,db10bb,db10bb@POST@/light,732
2,us-west-1,dbd1b5,dbd1b5@POST@/light,709
2,us-west-1,db3dd1,db3dd1@POST@/light,664
3,us-west-1,db2af0,db2af0@POST@/light,711
3,us-west-1,s222f,s222f@POST@/light,712
3,us-west-1,mc676c,mc676c@POST@/light,727
3,us-west-1,mc9653,mc9653@POST@/light,706
3,us-west-1,mc59ee,mc59ee@POST@/light,722
3,us-west-1,sslateingress,sslateingress@POST@/light,730
3,us-west-1,mcc324,mcc324@POST@/light,731
3,us-west-1,mc12c6,mc12c6@POST@/light,703
3,us-west-1,mc01d6,mc01d6@POST@/light,723
3,us-west-1,saaee,saaee@POST@/light,699
3,us-west-1,s4dd6,s4dd6@POST@/light,715
3,us-west-1,mc46a6,mc46a6@POST@/light,720
3,us-west-1,mcd096,mcd096@POST@/light,684
3,us-west-1,sd03b,sd03b@POST@/light,693
3,us-west-1,mc660d,mc660d@POST@/light,714
3,us-west-1,s6f83,s6f83@POST@/light,701
3,us-west-1,db10bb,db10bb@POST@/light,704
3,us-west-1,dbd1b5,dbd1b5@POST@/light,705
3,us-west-1,db3dd1,db3dd1@POST@/light,683
4,us-west-1,db2af0,db2af0@POST@/light,700
4,us-west-1,s222f,s222f@POST@/light,668
4,us-west-1,mc676c,mc676c@POST@/light,681
4,us-west-1,mc9653,mc9653@POST@/light,677
4,us-west-1,mc59ee,mc59ee@POST@/light,667
4,us-west-1,sslateingress,sslateingress@POST@/light,675
4,us-west-1,mcc324,mcc324@POST@/light,668
4,us-west-1,mc12c6,mc12c6@POST@/light,690
4,us-west-1,mc01d6,mc01d6@POST@/light,677
4,us-west-1,saaee,saaee@POST@/light,680
4,us-west-1,s4dd6,s4dd6@POST@/light,697
4,us-west-1,mc46a6,mc46a6@POST@/light,692
4,us-west-1,mcd096,mcd096@POST@/light,705
4,us-west-1,sd03b,sd03b@POST@/light,690
4,us-west-1,mc660d,mc660d@POST@/light,661
4,us-west-1,s6f83,s6f83@POST@/light,684
4,us-west-1,db10bb,db10bb@POST@/light,670
4,us-west-1,dbd1b5,dbd1b5@POST@/light,663
4,us-west-1,db3dd1,db3dd1@POST@/light,681
5,us-west-1,db2af0,db2af0@POST@/light,682
5,us-west-1,s222f,s222f@POST@/light,719
5,us-west-1,mc676c,mc676c@POST@/light,680
5,us-west-1,mc9653,mc9653@POST@/light,707
5,us-west-1,mc59ee,mc59ee@POST@/light,714
5,us-west-1,sslateingress,sslateingress@POST@/light,702
5,us-west-1,mcc324,mcc324@POST@/light,703
5,us-west-1,mc12c6,mc12c6@POST@/light,695
5,us-west-1,mc01d6,mc01d6@POST@/light,708
5,us-west-1,saaee,saaee@POST@/light,690
5,us-west-1,s4dd6,s4dd6@POST@/light,685
5,us-west-1,mc46a6,mc46a6@POST@/light,700
5,us-west-1,mcd096,mcd096@POST@/light,702
5,us-west-1,sd03b,sd03b@POST@/light,701
5,us-west-1,mc660d,mc660d@POST@/light,708
5,us-west-1,s6f83,s6f83@POST@/light,697
5,us-west-1,db10bb,db10bb@POST@/light,702
5,us-west-1,dbd1b5,dbd1b5@POST@/light,711
5,us-west-1,db3dd1,db3dd1@POST@/light,693
6,us-west-1,db2af0,db2af0@POST@/light,708
6,us-west-1,s222f,s222f@POST@/light,722
6,us-west-1,mc676c,mc676c@POST@/light,704
6,us-west-1,mc9653,mc9653@POST@/light,713
6,us-west-1,mc59ee,mc59ee@POST@/light,745
6,us-west-1,sslateingress,sslateingress@POST@/light,728
6,us-west-1,mcc324,mcc324@POST@/light,726
6,us-west-1,mc12c6,mc12c6@POST@/light,726
6,us-west-1,mc01d6,mc01d6@POST@/light,691
6,us-west-1,saaee,saaee@POST@/light,736
6,us-west-1,s4dd6,s4dd6@POST@/light,715
6,us-west-1,mc46a6,mc46a6@POST@/light,680
6,us-west-1,mcd096,mcd096@POST@/light,714
6,us-west-1,sd03b,sd03b@POST@/light,723
6,us-west-1,mc660d,mc660d@POST@/light,751
6,us-west-1,s6f83,s6f83@POST@/light,729
6,us-west-1,db10bb,db10bb@POST@/light,747
6,us-west-1,dbd1b5,dbd1b5@POST@/light,745
6,us-west-1,db3dd1,db3dd1@POST@/light,726
7,us-west-1,db2af0,db2af0@POST@/light,695
7,us-west-1,s222f,s222f@POST@/light,694
7,us-west-1,mc676c,mc676c@POST@/light,749
7,us-west-1,mc9653,mc9653@POST@/light,715
7,us-west-1,mc59ee,mc59ee@POST@/light,745
7,us-west-1,sslateingress,sslateingress@POST@/light,698
7,us-west-1,mcc324,mcc324@POST@/light,732
7,us-west-1,mc12c6,mc12c6@POST@/light,715
7,us-west-1,mc01d6,mc01d6@POST@/light,745
7,us-west-1,saaee,saaee@POST@/light,685
7,us-west-1,s4dd6,s4dd6@POST@/light,731
7,us-west-1,mc46a6,mc46a6@POST@/light,737
7,us-west-1,mcd096,mcd096@POST@/light,699
7,us-west-1,sd03b,sd03b@POST@/light,689
7,us-west-1,mc660d,mc660d@POST@/light,682
7,us-west-1,s6f83,s6f83@POST@/light,725
7,us-west-1,db10bb,db10bb@POST@/light,721
7,us-west-1,dbd1b5,dbd1b5@POST@/light,690
7,us-west-1,db3dd1,db3dd1@POST@/light,666
8,us-west-1,db2af0,db2af0@POST@/light,654
8,us-west-1,s222f,s222f@POST@/light,653
8,us-west-1,mc676c,mc676c@POST@/light,639
8,us-west-1,mc9653,mc9653@POST@/light,635
8,us-west-1,mc59ee,mc59ee@POST@/light,643
8,us-west-1,sslateingress,sslateingress@POST@/light,659
8,us-west-1,mcc324,mcc324@POST@/light,647
8,us-west-1,mc12c6,mc12c6@POST@/light,653
8,us-west-1,mc01d6,mc01d6@POST@/light,638
8,us-west-1,saaee,saaee@POST@/light,674
8,us-west-1,s4dd6,s4dd6@POST@/light,633
8,us-west-1,mc46a6,mc46a6@POST@/light,645
8,us-west-1,mcd096,mcd096@POST@/light,664
8,us-west-1,sd03b,sd03b@POST@/light,649
8,us-west-1,mc660d,mc660d@POST@/light,656
8,us-west-1,s6f83,s6f83@POST@/light,642
8,us-west-1,db10bb,db10bb@POST@/light,681
8,us-west-1,dbd1b5,dbd1b5@POST@/light,669
8,us-west-1,db3dd1,db3dd1@POST@/light,670
9,us-west-1,db2af0,db2af0@POST@/light,714
9,us-west-1,s222f,s222f@POST@/light,702
9,us-west-1,mc676c,mc676c@POST@/light,672
9,us-west-1,mc9653,mc9653@POST@/light,669
9,us-west-1,mc59ee,mc59ee@POST@/light,729
9,us-west-1,sslateingress,sslateingress@POST@/light,675
9,us-west-1,mcc324,mcc324@POST@/light,671
9,us-west-1,mc12c6,mc12c6@POST@/light,689
9,us-west-1,mc01d6,mc01d6@POST@/light,684
9,us-west-1,saaee,saaee@POST@/light,687
9,us-west-1,s4dd6,s4dd6@POST@/light,684
9,us-west-1,mc46a6,mc46a6@POST@/light,707
9,us-west-1,mcd096,mcd096@POST@/light,717
9,us-west-1,sd03b,sd03b@POST@/light,716
9,us-west-1,mc660d,mc660d@POST@/light,679
9,us-west-1,s6f83,s6f83@POST@/light,701
9,us-west-1,db10bb,db10bb@POST@/light,678
9,us-west-1,dbd1b5,dbd1b5@POST@/light,658
9,us-west-1,db3dd1,db3dd1@POST@/light,714
10,us-west-1,db2af0,db2af0@POST@/light,718
10,us-west-1,s222f,s222f@POST@/light,715
10,us-west-1,mc676c,mc676c@POST@/light,735
10,us-west-1,mc9653,mc9653@POST@/light,726
10,us-west-1,mc59ee,mc59ee@POST@/light,740
10,us-west-1,sslateingress,sslateingress@POST@/light,712
10,us-west-1,mcc324,mcc324@POST@/light,686
10,us-west-1,mc12c6,mc12c6@POST@/light,731
10,us-west-1,mc01d6,mc01d6@POST@/light,723
10,us-west-1,saaee,saaee@POST@/light,725
10,us-west-1,s4dd6,s4dd6@POST@/light,745
10,us-west-1,mc46a6,mc46a6@POST@/light,728
10,us-west-1,mcd096,mcd096@POST@/light,722
10,us-west-1,sd03b,sd03b@POST@/light,716
10,us-west-1,mc660d,mc660d@POST@/light,726
10,us-west-1,s6f83,s6f83@POST@/light,726
10,us-west-1,db10bb,db10bb@POST@/light,713
10,us-west-1,dbd1b5,dbd1b5@POST@/light,732
10,us-west-1,db3dd1,db3dd1@POST@/light,722
11,us-west-1,db2af0,db2af0@POST@/light,690
11,us-west-1,s222f,s222f@POST@/light,716
11,us-west-1,mc676c,mc676c@POST@/light,714
11,us-west-1,mc9653,mc9653@POST@/light,717
11,us-west-1,mc59ee,mc59ee@POST@/light,697
11,us-west-1,sslateingress,sslateingress@POST@/light,699
11,us-west-1,mcc324,mcc324@POST@/light,737
11,us-west-1,mc12c6,mc12c6@POST@/light,707
11,us-west-1,mc01d6,mc01d6@POST@/light,731
11,us-west-1,saaee,saaee@POST@/light,706
11,us-west-1,s4dd6,s4dd6@POST@/light,707
11,us-west-1,mc46a6,mc46a6@POST@/light,718
11,us-west-1,mcd096,mcd096@POST@/light,717
11,us-west-1,sd03b,sd03b@POST@/light,713
11,us-west-1,mc660d,mc660d@POST@/light,727
11,us-west-1,s6f83,s6f83@POST@/light,713
11,us-west-1,db10bb,db10bb@POST@/light,701
11,us-west-1,dbd1b5,dbd1b5@POST@/light,694
11,us-west-1,db3dd1,db3dd1@POST@/light,724
12,us-west-1,db2af0,db2af0@POST@/light,701
12,us-west-1,s222f,s222f@POST@/light,679
12,us-west-1,mc676c,mc676c@POST@/light,703
12,us-west-1,mc9653,mc9653@POST@/light,699
12,us-west-1,mc59ee,mc59ee@POST@/light,709
12,us-west-1,sslateingress,sslateingress@POST@/light,695
12,us-west-1,mcc324,mcc324@POST@/light,712
12,us-west-1,mc12c6,mc12c6@POST@/light,706
12,us-west-1,mc01d6,mc01d6@POST@/light,698
12,us-west-1,saaee,saaee@POST@/light,690
12,us-west-1,s4dd6,s4dd6@POST@/light,705
12,us-west-1,mc46a6,mc46a6@POST@/light,708
12,us-west-1,mcd096,mcd096@POST@/light,678
12,us-west-1,sd03b,sd03b@POST@/light,734
12,us-west-1,mc660d,mc660d@POST@/light,684
12,us-west-1,s6f83,s6f83@POST@/light,700
12,us-west-1,db10bb,db10bb@POST@/light,712
12,us-west-1,dbd1b5,dbd1b5@POST@/light,686
12,us-west-1,db3dd1,db3dd1@POST@/light,710
13,us-west-1,db2af0,db2af0@POST@/light,661
13,us-west-1,s222f,s222f@POST@/light,684
13,us-west-1,mc676c,mc676c@POST@/light,666
13,us-west-1,mc9653,mc9653@POST@/light,648
13,us-west-1,mc59ee,mc59ee@POST@/light,661
13,us-west-1,sslateingress,sslateingress@POST@/light,688
13,us-west-1,mcc324,mcc324@POST@/light,663
13,us-west-1,mc12c6,mc12c6@POST@/light,662
13,us-west-1,mc01d6,mc01d6@POST@/light,681
13,us-west-1,saaee,saaee@POST@/light,680
13,us-west-1,s4dd6,s4dd6@POST@/light,657
13,us-west-1,mc46a6,mc46a6@POST@/light,672
13,us-west-1,mcd096,mcd096@POST@/light,680
13,us-west-1,sd03b,sd03b@POST@/light,685
13,us-west-1,mc660d,mc660d@POST@/light,700
13,us-west-1,s6f83,s6f83@POST@/light,649
13,us-west-1,db10bb,db10bb@POST@/light,710
13,us-west-1,dbd1b5,dbd1b5@POST@/light,702
13,us-west-1,db3dd1,db3dd1@POST@/light,687
14,us-west-1,db2af0,db2af0@POST@/light,684
14,us-west-1,s222f,s222f@POST@/light,676
14,us-west-1,mc676c,mc676c@POST@/light,664
14,us-west-1,mc9653,mc9653@POST@/light,690
14,us-west-1,mc59ee,mc59ee@POST@/light,696
14,us-west-1,sslateingress,sslateingress@POST@/light,665
14,us-west-1,mcc324,mcc324@POST@/light,691
14,us-west-1,mc12c6,mc12c6@POST@/light,698
14,us-west-1,mc01d6,mc01d6@POST@/light,678
14,us-west-1,saaee,saaee@POST@/light,671
14,us-west-1,s4dd6,s4dd6@POST@/light,686
14,us-west-1,mc46a6,mc46a6@POST@/light,686
14,us-west-1,mcd096,mcd096@POST@/light,706
14,us-west-1,sd03b,sd03b@POST@/light,651
14,us-west-1,mc660d,mc660d@POST@/light,676
14,us-west-1,s6f83,s6f83@POST@/light,672
14,us-west-1,db10bb,db10bb@POST@/light,687
14,us-west-1,dbd1b5,dbd1b5@POST@/light,680
14,us-west-1,db3dd1,db3dd1@POST@/light,674
15,us-west-1,db2af0,db2af0@POST@/light,684
15,us-west-1,s222f,s222f@POST@/light,685
15,us-west-1,mc676c,mc676c@POST@/light,697
15,us-west-1,mc9653,mc9653@POST@/light,692
15,us-west-1,mc59ee,mc59ee@POST@/light,683
15,us-west-1,sslateingress,sslateingress@POST@/light,700
15,us-west-1,mcc324,mcc324@POST@/light,704
15,us-west-1,mc12c6,mc12c6@POST@/light,703
15,us-west-1,mc01d6,mc01d6@POST@/light,689
15,us-west-1,saaee,saaee@POST@/light,702
15,us-west-1,s4dd6,s4dd6@POST@/light,711
15,us-west-1,mc46a6,mc46a6@POST@/light,695
15,us-west-1,mcd096,mcd096@POST@/light,689
15,us-west-1,sd03b,sd03b@POST@/light,713
15,us-west-1,mc660d,mc660d@POST@/light,690
15,us-west-1,s6f83,s6f83@POST@/light,714
15,us-west-1,db10bb,db10bb@POST@/light,679
15,us-west-1,dbd1b5,dbd1b5@POST@/light,685
15,us-west-1,db3dd1,db3dd1@POST@/light,682
16,us-west-1,db2af0,db2af0@POST@/light,720
16,us-west-1,s222f,s222f@POST@/light,730
16,us-west-1,mc676c,mc676c@POST@/light,703
16,us-west-1,mc9653,mc9653@POST@/light,708
16,us-west-1,mc59ee,mc59ee@POST@/light,717
16,us-west-1,sslateingress,sslateingress@POST@/light,730
16,us-west-1,mcc324,mcc324@POST@/light,679
16,us-west-1,mc12c6,mc12c6@POST@/light,694
16,us-west-1,mc01d6,mc01d6@POST@/light,718
16,us-west-1,saaee,saaee@POST@/light,716
16,us-west-1,s4dd6,s4dd6@POST@/light,698
16,us-west-1,mc46a6,mc46a6@POST@/light,707
16,us-west-1,mcd096,mcd096@POST@/light,693
16,us-west-1,sd03b,sd03b@POST@/light,680
16,us-west-1,mc660d,mc660d@POST@/light,724
16,us-west-1,s6f83,s6f83@POST@/light,696
16,us-west-1,db10bb,db10bb@POST@/light,733
16,us-west-1,dbd1b5,dbd1b5@POST@/light,723
16,us-west-1,db3dd1,db3dd1@POST@/light,718
17,us-west-1,db2af0,db2af0@POST@/light,682
17,us-west-1,s222f,s222f@POST@/light,666
17,us-west-1,mc676c,mc676c@POST@/light,668
17,us-west-1,mc9653,mc9653@POST@/light,701
17,us-west-1,mc59ee,mc59ee@POST@/light,695
17,us-west-1,sslateingress,sslateingress@POST@/light,682
17,us-west-1,mcc324,mcc324@POST@/light,671
17,us-west-1,mc12c6,mc12c6@POST@/light,647
17,us-west-1,mc01d6,mc01d6@POST@/light,707
17,us-west-1,saaee,saaee@POST@/light,713
17,us-west-1,s4dd6,s4dd6@POST@/light,710
17,us-west-1,mc46a6,mc46a6@POST@/light,672
17,us-west-1,mcd096,mcd096@POST@/light,680
17,us-west-1,sd03b,sd03b@POST@/light,700
17,us-west-1,mc660d,mc660d@POST@/light,676
17,us-west-1,s6f83,s6f83@POST@/light,723
17,us-west-1,db10bb,db10bb@POST@/light,742
17,us-west-1,dbd1b5,dbd1b5@POST@/light,658
17,us-west-1,db3dd1,db3dd1@POST@/light,732
18,us-west-1,db2af0,db2af0@POST@/light,732
18,us-west-1,s222f,s222f@POST@/light,750
18,us-west-1,mc676c,mc676c@POST@/light,676
18,us-west-1,mc9653,mc9653@POST@/light,745
18,us-west-1,mc59ee,mc59ee@POST@/light,772
18,us-west-1,sslateingress,sslateingress@POST@/light,759
18,us-west-1,mcc324,mcc324@POST@/light,752
18,us-west-1,mc12c6,mc12c6@POST@/light,758
18,us-west-1,mc01d6,mc01d6@POST@/light,751
18,us-west-1,saaee,saaee@POST@/light,718
18,us-west-1,s4dd6,s4dd6@POST@/light,724
18,us-west-1,mc46a6,mc46a6@POST@/light,774
18,us-west-1,mcd096,mcd096@POST@/light,725
18,us-west-1,sd03b,sd03b@POST@/light,740
18,us-west-1,mc660d,mc660d@POST@/light,762
18,us-west-1,s6f83,s6f83@POST@/light,751
18,us-west-1,db10bb,db10bb@POST@/light,761
18,us-west-1,dbd1b5,dbd1b5@POST@/light,759
18,us-west-1,db3dd1,db3dd1@POST@/light,738
19,us-west-1,db2af0,db2af0@POST@/light,735
19,us-west-1,s222f,s222f@POST@/light,750
19,us-west-1,mc676c,mc676c@POST@/light,739
19,us-west-1,mc9653,mc9653@POST@/light,720
19,us-west-1,mc59ee,mc59ee@POST@/light,728
19,us-west-1,sslateingress,sslateingress@POST@/light,735
19,us-west-1,mcc324,mcc324@POST@/light,687
19,us-west-1,mc12c6,mc12c6@POST@/light,745
19,us-west-1,mc01d6,mc01d6@POST@/light,681
19,us-west-1,saaee,saaee@POST@/light,701
19,us-west-1,s4dd6,s4dd6@POST@/light,741
19,us-west-1,mc46a6,mc46a6@POST@/light,753
19,us-west-1,mcd096,mcd096@POST@/light,750
19,us-west-1,sd03b,sd03b@POST@/light,715
19,us-west-1,mc660d,mc660d@POST@/light,731
19,us-west-1,s6f83,s6f83@POST@/light,688
19,us-west-1,db10bb,db10bb@POST@/light,699
19,us-west-1,dbd1b5,dbd1b5@POST@/light,700
19,us-west-1,db3dd1,db3dd1@POST@/light,714
20,us-west-1,db2af0,db2af0@POST@/light,719
20,us-west-1,s222f,s222f@POST@/light,708
20,us-west-1,mc676c,mc676c@POST@/light,694
20,us-west-1,mc9653,mc9653@POST@/light,693
20,us-west-1,mc59ee,mc59ee@POST@/light,705
20,us-west-1,sslateingress,sslateingress@POST@/light,749
20,us-west-1,mcc324,mcc324@POST@/light,655
20,us-west-1,mc12c6,mc12c6@POST@/light,705
20,us-west-1,mc01d6,mc01d6@POST@/light,690
20,us-west-1,saaee,saaee@POST@/light,710
20,us-west-1,s4dd6,s4dd6@POST@/light,712
20,us-west-1,mc46a6,mc46a6@POST@/light,693
20,us-west-1,mcd096,mcd096@POST@/light,728
20,us-west-1,sd03b,sd03b@POST@/light,717
20,us-west-1,mc660d,mc660d@POST@/light,724
20,us-west-1,s6f83,s6f83@POST@/light,722
20,us-west-1,db10bb,db10bb@POST@/light,721
20,us-west-1,dbd1b5,dbd1b5@POST@/light,717
20,us-west-1,db3dd1,db3dd1@POST@/light,694
21,us-west-1,db2af0,db2af0@POST@/light,688
21,us-west-1,s222f,s222f@POST@/light,694
21,us-west-1,mc676c,mc676c@POST@/light,705
21,us-west-1,mc9653,mc9653@POST@/light,707
21,us-west-1,mc59ee,mc59ee@POST@/light,692
21,us-west-1,sslateingress,sslateingress@POST@/light,695
21,us-west-1,mcc324,mcc324@POST@/light,693
21,us-west-1,mc12c6,mc12c6@POST@/light,716
21,us-west-1,mc01d6,mc01d6@POST@/light,713
21,us-west-1,saaee,saaee@POST@/light,697
21,us-west-1,s4dd6,s4dd6@POST@/light,684
21,us-west-1,mc46a6,mc46a6@POST@/light,709
21,us-west-1,mcd096,mcd096@POST@/light,684
21,us-west-1,sd03b,sd03b@POST@/light,690
21,us-west-1,mc660d,mc660d@POST@/light,691
21,us-west-1,s6f83,s6f83@POST@/light,686
21,us-west-1,db10bb,db10bb@POST@/light,693
21,us-west-1,dbd1b5,dbd1b5@POST@/light,690
21,us-west-1,db3dd1,db3dd1@POST@/light,705
22,us-west-1,db2af0,db2af0@POST@/light,683
22,us-west-1,s222f,s222f@POST@/light,633
22,us-west-1,mc676c,mc676c@POST@/light,676
22,us-west-1,mc9653,mc9653@POST@/light,657
22,us-west-1,mc59ee,mc59ee@POST@/light,649
22,us-west-1,sslateingress,sslateingress@POST@/light,650
22,us-west-1,mcc324,mcc324@POST@/light,671
22,us-west-1,mc12c6,mc12c6@POST@/light,644
22,us-west-1,mc01d6,mc01d6@POST@/light,656
22,us-west-1,saaee,saaee@POST@/light,621
22,us-west-1,s4dd6,s4dd6@POST@/light,675
22,us-west-1,mc46a6,mc46a6@POST@/light,628
22,us-west-1,mcd096,mcd096@POST@/light,654
22,us-west-1,sd03b,sd03b@POST@/light,640
22,us-west-1,mc660d,mc660d@POST@/light,642
22,us-west-1,s6f83,s6f83@POST@/light,651
22,us-west-1,db10bb,db10bb@POST@/light,634
22,us-west-1,dbd1b5,dbd1b5@POST@/light,656
22,us-west-1,db3dd1,db3dd1@POST@/light,646
23,us-west-1,db2af0,db2af0@POST@/light,667
23,us-west-1,s222f,s222f@POST@/light,716
23,us-west-1,mc676c,mc676c@POST@/light,658
23,us-west-1,mc9653,mc9653@POST@/light,709
23,us-west-1,mc59ee,mc59ee@POST@/light,711
23,us-west-1,sslateingress,sslateingress@POST@/light,686
23,us-west-1,mcc324,mcc324@POST@/light,675
23,us-west-1,mc12c6,mc12c6@POST@/light,690
23,us-west-1,mc01d6,mc01d6@POST@/light,674
23,us-west-1,saaee,saaee@POST@/light,687
23,us-west-1,s4dd6,s4dd6@POST@/light,649
23,us-west-1,mc46a6,mc46a6@POST@/light,647
23,us-west-1,mcd096,mcd096@POST@/light,679
23,us-west-1,sd03b,sd03b@POST@/light,702
23,us-west-1,mc660d,mc660d@POST@/light,690
23,us-west-1,s6f83,s6f83@POST@/light,702
23,us-west-1,db10bb,db10bb@POST@/light,712
23,us-west-1,dbd1b5,dbd1b5@POST@/light,698
23,us-west-1,db3dd1,db3dd1@POST@/light,693
24,us-west-1,db2af0,db2af0@POST@/light,725
24,us-west-1,s222f,s222f@POST@/light,715
24,us-west-1,mc676c,mc676c@POST@/light,713
24,us-west-1,mc9653,mc9653@POST@/light,687
24,us-west-1,mc59ee,mc59ee@POST@/light,692
24,us-west-1,sslateingress,sslateingress@POST@/light,691
24,us-west-1,mcc324,mcc324@POST@/light,712
24,us-west-1,mc12c6,mc12c6@POST@/light,698
24,us-west-1,mc01d6,mc01d6@POST@/light,719
24,us-west-1,saaee,saaee@POST@/light,701
24,us-west-1,s4dd6,s4dd6@POST@/light,715
24,us-west-1,mc46a6,mc46a6@POST@/light,747
24,us-west-1,mcd096,mcd096@POST@/light,723
24,us-west-1,sd03b,sd03b@POST@/light,711
24,us-west-1,mc660d,mc660d@POST@/light,702
24,us-west-1,s6f83,s6f83@POST@/light,724
24,us-west-1,db10bb,db10bb@POST@/light,709
24,us-west-1,dbd1b5,dbd1b5@POST@/light,697
24,us-west-1,db3dd1,db3dd1@POST@/light,715
25,us-west-1,db2af0,db2af0@POST@/light,684
25,us-west-1,s222f,s222f@POST@/light,689
25,us-west-1,mc676c,mc676c@POST@/light,701
25,us-west-1,mc9653,mc9653@POST@/light,705
25,us-west-1,mc59ee,mc59ee@POST@/light,737
25,us-west-1,sslateingress,sslateingress@POST@/light,705
25,us-west-1,mcc324,mcc324@POST@/light,706
25,us-west-1,mc12c6,mc12c6@POST@/light,716
25,us-west-1,mc01d6,mc01d6@POST@/light,712
25,us-west-1,saaee,saaee@POST@/light,702
25,us-west-1,s4dd6,s4dd6@POST@/light,712
25,us-west-1,mc46a6,mc46a6@POST@/light,742
25,us-west-1,mcd096,mcd096@POST@/light,709
25,us-west-1,sd03b,sd03b@POST@/light,689
25,us-west-1,mc660d,mc660d@POST@/light,678
25,us-west-1,s6f83,s6f83@POST@/light,679
25,us-west-1,db10bb,db10bb@POST@/light,703
25,us-west-1,dbd1b5,dbd1b5@POST@/light,694
25,us-west-1,db3dd1,db3dd1@POST@/light,704
26,us-west-1,db2af0,db2af0@POST@/light,708
26,us-west-1,s222f,s222f@POST@/light,700
26,us-west-1,mc676c,mc676c@POST@/light,702
26,us-west-1,mc9653,mc9653@POST@/light,701
26,us-west-1,mc59ee,mc59ee@POST@/light,677
26,us-west-1,sslateingress,sslateingress@POST@/light,696
26,us-west-1,mcc324,mcc324@POST@/light,696
26,us-west-1,mc12c6,mc12c6@POST@/light,698
26,us-west-1,mc01d6,mc01d6@POST@/light,671
26,us-west-1,saaee,saaee@POST@/light,697
26,us-west-1,s4dd6,s4dd6@POST@/light,690
26,us-west-1,mc46a6,mc46a6@POST@/light,692
26,us-west-1,mcd096,mcd096@POST@/light,697
26,us-west-1,sd03b,sd03b@POST@/light,687
26,us-west-1,mc660d,mc660d@POST@/light,687
26,us-west-1,s6f83,s6f83@POST@/light,720
26,us-west-1,db10bb,db10bb@POST@/light,660
26,us-west-1,dbd1b5,dbd1b5@POST@/light,684
26,us-west-1,db3dd1,db3dd1@POST@/light,680
27,us-west-1,db2af0,db2af0@POST@/light,727
27,us-west-1,s222f,s222f@POST@/light,681
27,us-west-1,mc676c,mc676c@POST@/light,704
27,us-west-1,mc9653,mc9653@POST@/light,675
27,us-west-1,mc59ee,mc59ee@POST@/light,685
27,us-west-1,sslateingress,sslateingress@POST@/light,694
27,us-west-1,mcc324,mcc324@POST@/light,687
27,us-west-1,mc12c6,mc12c6@POST@/light,678
27,us-west-1,mc01d6,mc01d6@POST@/light,695
27,us-west-1,saaee,saaee@POST@/light,675
27,us-west-1,s4dd6,s4dd6@POST@/light,697
27,us-west-1,mc46a6,mc46a6@POST@/light,679
27,us-west-1,mcd096,mcd096@POST@/light,693
27,us-west-1,sd03b,sd03b@POST@/light,696
27,us-west-1,mc660d,mc660d@POST@/light,681
27,us-west-1,s6f83,s6f83@POST@/light,687
27,us-west-1,db10bb,db10bb@POST@/light,704
27,us-west-1,dbd1b5,dbd1b5@POST@/light,704
27,us-west-1,db3dd1,db3dd1@POST@/light,708
28,us-west-1,db2af0,db2af0@POST@/light,582
28,us-west-1,s222f,s222f@POST@/light,656
28,us-west-1,mc676c,mc676c@POST@/light,631
28,us-west-1,mc9653,mc9653@POST@/light,666
28,us-west-1,mc59ee,mc59ee@POST@/light,675
28,us-west-1,sslateingress,sslateingress@POST@/light,639
28,us-west-1,mcc324,mcc324@POST@/light,688
28,us-west-1,mc12c6,mc12c6@POST@/light,631
28,us-west-1,mc01d6,mc01d6@POST@/light,671
28,us-west-1,saaee,saaee@POST@/light,649
28,us-west-1,s4dd6,s4dd6@POST@/light,616
28,us-west-1,mc46a6,mc46a6@POST@/light,668
28,us-west-1,mcd096,mcd096@POST@/light,626
28,us-west-1,sd03b,sd03b@POST@/light,590
28,us-west-1,mc660d,mc660d@POST@/light,657
28,us-west-1,s6f83,s6f83@POST@/light,621
28,us-west-1,db10bb,db10bb@POST@/light,636
28,us-west-1,dbd1b5,dbd1b5@POST@/light,646
28,us-west-1,db3dd1,db3dd1@POST@/light,611
